post_id,post_type,food_category,brand_name,post_date,post_time,likes_count,comments_count,shares_count,love,wow,sad,angry,day_of_week,time_of_day,total_engagement
1,image,burger,Subway,2025-01-01,00:00,100,28,17,13,5,1,3,Wednesday,,167
2,video,sushi,Chipotle,2025-01-01,01:00,96,20,10,18,5,3,1,Wednesday,Morning,153
3,image,pizza,McDonalds,2025-01-01,02:00,102,20,10,21,6,3,1,Wednesday,Morning,163
4,image,pizza,Chipotle,2025-01-01,03:00,103,15,7,23,4,2,2,Wednesday,Morning,156
5,image,pizza,Chipotle,2025-01-01,04:00,110,23,6,17,6,1,0,Wednesday,Morning,163
6,video,pizza,Subway,2025-01-01,05:00,124,19,10,17,2,1,0,Wednesday,Morning,173
7,image,salad,Chipotle,2025-01-01,06:00,90,22,7,17,4,0,0,Wednesday,Morning,140
8,image,pizza,Subway,2025-01-01,07:00,104,18,11,18,9,3,2,Wednesday,Afternoon,165
9,image,salad,Dominos,2025-01-01,08:00,96,19,9,24,10,2,2,Wednesday,Afternoon,162
10,video,salad,Dominos,2025-01-01,09:00,100,25,11,21,5,2,0,Wednesday,Afternoon,164
11,image,pizza,Subway,2025-01-01,10:00,93,18,10,22,2,3,1,Wednesday,Afternoon,149
12,image,pizza,Dominos,2025-01-01,11:00,110,13,4,23,3,1,0,Wednesday,Afternoon,154
13,image,burger,McDonalds,2025-01-01,12:00,94,19,7,26,7,1,0,Wednesday,Afternoon,154
14,image,sushi,Chipotle,2025-01-01,13:00,107,22,10,12,6,3,0,Wednesday,Evening,160
15,video,pizza,McDonalds,2025-01-01,14:00,97,19,9,20,4,3,0,Wednesday,Evening,152
16,image,burger,Chipotle,2025-01-01,15:00,89,15,10,19,2,3,1,Wednesday,Evening,139
17,video,burger,Dominos,2025-01-01,16:00,89,21,12,20,7,1,1,Wednesday,Evening,151
18,video,sushi,McDonalds,2025-01-01,17:00,106,20,7,21,6,0,0,Wednesday,Evening,160
19,video,salad,Dominos,2025-01-01,18:00,102,31,11,15,7,3,4,Wednesday,Evening,173
20,image,pizza,Chipotle,2025-01-01,19:00,110,27,10,21,7,2,2,Wednesday,Night,179
21,video,sushi,Subway,2025-01-01,20:00,123,22,10,18,3,2,0,Wednesday,Night,178
22,image,pizza,Subway,2025-01-01,21:00,110,24,8,15,3,3,1,Wednesday,Night,164
23,video,burger,McDonalds,2025-01-01,22:00,91,22,5,21,4,2,1,Wednesday,Night,146
24,video,burger,Dominos,2025-01-01,23:00,103,23,12,13,5,6,0,Wednesday,Night,162
25,video,salad,Dominos,2025-01-02,00:00,96,20,10,18,2,1,0,Thursday,,147
26,video,burger,McDonalds,2025-01-02,01:00,109,19,9,19,4,3,0,Thursday,Morning,163
27,video,burger,Subway,2025-01-02,02:00,111,27,8,17,7,3,1,Thursday,Morning,174
28,video,sushi,Chipotle,2025-01-02,03:00,105,25,3,16,5,1,0,Thursday,Morning,155
29,video,pizza,McDonalds,2025-01-02,04:00,104,20,14,17,6,1,2,Thursday,Morning,164
30,video,pizza,Chipotle,2025-01-02,05:00,102,21,7,18,4,1,1,Thursday,Morning,154
31,image,sushi,Subway,2025-01-02,06:00,107,9,9,22,9,1,0,Thursday,Morning,157
32,image,salad,Dominos,2025-01-02,07:00,91,32,13,21,2,3,0,Thursday,Afternoon,162
33,video,pizza,Subway,2025-01-02,08:00,103,23,4,17,6,2,1,Thursday,Afternoon,156
34,video,burger,McDonalds,2025-01-02,09:00,92,22,9,19,4,2,1,Thursday,Afternoon,149
35,video,pizza,Dominos,2025-01-02,10:00,103,30,8,21,3,0,0,Thursday,Afternoon,165
36,image,burger,McDonalds,2025-01-02,11:00,106,24,14,21,6,1,0,Thursday,Afternoon,172
37,video,salad,McDonalds,2025-01-02,12:00,98,21,13,21,7,5,1,Thursday,Afternoon,166
38,image,sushi,Subway,2025-01-02,13:00,87,23,10,14,8,0,2,Thursday,Evening,144
39,image,pizza,McDonalds,2025-01-02,14:00,107,29,6,17,9,2,0,Thursday,Evening,170
40,image,sushi,Subway,2025-01-02,15:00,93,22,8,19,5,5,0,Thursday,Evening,152
41,image,pizza,Dominos,2025-01-02,16:00,90,17,12,18,4,1,2,Thursday,Evening,144
42,image,burger,Subway,2025-01-02,17:00,91,19,11,22,3,1,1,Thursday,Evening,148
43,video,sushi,Dominos,2025-01-02,18:00,81,15,19,24,7,2,0,Thursday,Evening,148
44,video,pizza,Subway,2025-01-02,19:00,81,12,4,22,4,1,3,Thursday,Night,127
45,video,burger,Chipotle,2025-01-02,20:00,92,13,9,25,8,0,0,Thursday,Night,147
46,video,sushi,Chipotle,2025-01-02,21:00,114,22,15,16,8,3,1,Thursday,Night,179
47,video,sushi,McDonalds,2025-01-02,22:00,101,15,11,18,1,0,1,Thursday,Night,147
48,image,pizza,Subway,2025-01-02,23:00,95,35,8,17,5,1,0,Thursday,Night,161
49,video,pizza,Subway,2025-01-03,00:00,102,28,17,27,4,2,1,Friday,,181
50,video,pizza,Dominos,2025-01-03,01:00,99,10,13,23,3,2,2,Friday,Morning,152
51,image,burger,McDonalds,2025-01-03,02:00,102,21,10,22,2,0,0,Friday,Morning,157
52,video,pizza,Subway,2025-01-03,03:00,89,17,11,17,8,3,0,Friday,Morning,145
53,image,sushi,McDonalds,2025-01-03,04:00,90,21,10,20,8,2,0,Friday,Morning,151
54,video,sushi,Chipotle,2025-01-03,05:00,84,17,10,17,3,0,3,Friday,Morning,134
55,image,pizza,Subway,2025-01-03,06:00,108,17,11,12,4,3,1,Friday,Morning,156
56,video,pizza,Subway,2025-01-03,07:00,105,18,11,16,12,3,3,Friday,Afternoon,168
57,video,salad,McDonalds,2025-01-03,08:00,118,10,7,17,3,2,1,Friday,Afternoon,158
58,image,sushi,Subway,2025-01-03,09:00,97,16,17,20,3,4,2,Friday,Afternoon,159
59,image,burger,McDonalds,2025-01-03,10:00,101,13,9,20,4,1,4,Friday,Afternoon,152
60,image,salad,Subway,2025-01-03,11:00,101,18,11,21,3,2,1,Friday,Afternoon,157
61,image,pizza,Dominos,2025-01-03,12:00,84,12,9,18,4,3,0,Friday,Afternoon,130
62,image,pizza,McDonalds,2025-01-03,13:00,87,24,19,18,6,2,1,Friday,Evening,157
63,image,sushi,Subway,2025-01-03,14:00,109,20,9,19,4,4,0,Friday,Evening,165
64,image,pizza,Chipotle,2025-01-03,15:00,73,18,7,23,3,1,0,Friday,Evening,125
65,image,burger,Subway,2025-01-03,16:00,93,20,7,14,8,1,0,Friday,Evening,143
66,video,sushi,Chipotle,2025-01-03,17:00,84,21,10,19,2,5,2,Friday,Evening,143
67,video,pizza,Chipotle,2025-01-03,18:00,101,24,5,19,3,3,1,Friday,Evening,156
68,image,sushi,Dominos,2025-01-03,19:00,97,14,10,30,7,2,2,Friday,Night,162
69,video,pizza,McDonalds,2025-01-03,20:00,103,18,7,25,3,5,0,Friday,Night,161
70,video,pizza,Subway,2025-01-03,21:00,117,22,13,9,7,4,3,Friday,Night,175
71,video,pizza,Dominos,2025-01-03,22:00,91,23,9,26,5,4,0,Friday,Night,158
72,video,burger,Subway,2025-01-03,23:00,86,22,10,16,2,5,1,Friday,Night,142
73,image,burger,Chipotle,2025-01-04,00:00,96,17,16,24,9,3,1,Saturday,,166
74,video,sushi,McDonalds,2025-01-04,01:00,113,19,4,20,4,3,1,Saturday,Morning,164
75,image,pizza,Subway,2025-01-04,02:00,109,22,10,16,3,1,0,Saturday,Morning,161
76,video,pizza,Subway,2025-01-04,03:00,83,22,7,26,1,5,0,Saturday,Morning,144
77,video,burger,Chipotle,2025-01-04,04:00,89,19,19,19,2,8,0,Saturday,Morning,156
78,video,pizza,Subway,2025-01-04,05:00,104,23,10,18,6,0,2,Saturday,Morning,163
79,image,burger,Subway,2025-01-04,06:00,87,22,11,24,10,2,2,Saturday,Morning,158
80,video,pizza,Chipotle,2025-01-04,07:00,118,22,6,23,6,0,0,Saturday,Afternoon,175
81,image,sushi,Dominos,2025-01-04,08:00,103,26,8,18,6,0,0,Saturday,Afternoon,161
82,video,pizza,Chipotle,2025-01-04,09:00,89,20,11,18,2,2,1,Saturday,Afternoon,143
83,image,pizza,Dominos,2025-01-04,10:00,97,19,9,18,4,0,0,Saturday,Afternoon,147
84,video,salad,McDonalds,2025-01-04,11:00,96,18,7,16,5,2,2,Saturday,Afternoon,146
85,image,burger,Dominos,2025-01-04,12:00,128,25,7,19,8,2,2,Saturday,Afternoon,191
86,image,pizza,Dominos,2025-01-04,13:00,94,28,6,20,5,3,2,Saturday,Evening,158
87,video,pizza,McDonalds,2025-01-04,14:00,98,25,12,20,3,1,0,Saturday,Evening,159
88,image,salad,Dominos,2025-01-04,15:00,104,24,9,17,1,1,0,Saturday,Evening,156
89,video,salad,Chipotle,2025-01-04,16:00,103,25,11,29,7,0,2,Saturday,Evening,177
90,video,burger,Dominos,2025-01-04,17:00,88,17,15,21,7,4,1,Saturday,Evening,153
91,video,salad,McDonalds,2025-01-04,18:00,109,24,9,18,4,1,1,Saturday,Evening,166
92,video,sushi,Chipotle,2025-01-04,19:00,79,26,12,14,4,1,2,Saturday,Night,138
93,video,salad,McDonalds,2025-01-04,20:00,88,22,12,16,4,2,0,Saturday,Night,144
94,video,sushi,McDonalds,2025-01-04,21:00,94,18,10,29,9,0,0,Saturday,Night,160
95,video,burger,Subway,2025-01-04,22:00,106,21,7,20,1,2,1,Saturday,Night,158
96,video,burger,Subway,2025-01-04,23:00,110,22,9,18,3,2,3,Saturday,Night,167
97,video,burger,McDonalds,2025-01-05,00:00,94,19,9,26,4,2,2,Sunday,,156
98,video,burger,McDonalds,2025-01-05,01:00,101,24,12,19,3,0,1,Sunday,Morning,160
99,video,burger,McDonalds,2025-01-05,02:00,87,23,5,16,3,4,0,Sunday,Morning,138
100,image,sushi,Subway,2025-01-05,03:00,98,22,15,20,8,5,2,Sunday,Morning,170
101,image,sushi,Subway,2025-01-05,04:00,96,16,10,24,11,2,2,Sunday,Morning,161
102,video,burger,Dominos,2025-01-05,05:00,111,14,9,22,4,1,1,Sunday,Morning,162
103,video,salad,Dominos,2025-01-05,06:00,108,25,10,20,2,1,0,Sunday,Morning,166
104,video,pizza,McDonalds,2025-01-05,07:00,97,23,6,19,3,2,2,Sunday,Afternoon,152
105,video,burger,Chipotle,2025-01-05,08:00,108,20,16,31,4,1,2,Sunday,Afternoon,182
106,video,salad,Chipotle,2025-01-05,09:00,101,18,7,23,2,2,1,Sunday,Afternoon,154
107,video,pizza,Subway,2025-01-05,10:00,125,17,7,18,7,3,0,Sunday,Afternoon,177
108,video,burger,Subway,2025-01-05,11:00,85,22,10,19,2,2,7,Sunday,Afternoon,147
109,video,burger,Subway,2025-01-05,12:00,99,21,5,21,11,2,0,Sunday,Afternoon,159
110,image,sushi,McDonalds,2025-01-05,13:00,85,17,10,14,5,1,2,Sunday,Evening,134
111,video,pizza,Chipotle,2025-01-05,14:00,88,32,13,15,5,5,1,Sunday,Evening,159
112,image,pizza,Dominos,2025-01-05,15:00,107,26,13,28,4,0,0,Sunday,Evening,178
113,video,salad,McDonalds,2025-01-05,16:00,96,21,10,22,4,3,0,Sunday,Evening,156
114,video,sushi,Dominos,2025-01-05,17:00,99,12,9,27,4,0,0,Sunday,Evening,151
115,image,sushi,Dominos,2025-01-05,18:00,109,21,12,24,3,2,0,Sunday,Evening,171
116,video,sushi,McDonalds,2025-01-05,19:00,106,28,11,25,5,3,0,Sunday,Night,178
117,image,sushi,Dominos,2025-01-05,20:00,92,14,15,17,9,2,1,Sunday,Night,150
118,video,pizza,Chipotle,2025-01-05,21:00,99,17,5,17,5,2,0,Sunday,Night,145
119,video,pizza,Dominos,2025-01-05,22:00,105,24,10,7,2,2,0,Sunday,Night,150
120,image,burger,Chipotle,2025-01-05,23:00,104,17,8,17,6,3,2,Sunday,Night,157
121,video,burger,Chipotle,2025-01-06,00:00,81,17,8,16,7,2,1,Monday,,132
122,image,sushi,Chipotle,2025-01-06,01:00,88,22,7,21,5,0,2,Monday,Morning,145
123,video,sushi,Subway,2025-01-06,02:00,100,21,7,19,7,1,1,Monday,Morning,156
124,image,sushi,Dominos,2025-01-06,03:00,75,23,6,14,7,4,0,Monday,Morning,129
125,image,burger,McDonalds,2025-01-06,04:00,107,22,11,23,8,2,2,Monday,Morning,175
126,video,salad,McDonalds,2025-01-06,05:00,82,18,8,23,7,2,0,Monday,Morning,140
127,video,salad,Dominos,2025-01-06,06:00,96,13,8,30,3,1,3,Monday,Morning,154
128,image,burger,Subway,2025-01-06,07:00,95,28,6,27,4,1,1,Monday,Afternoon,162
129,video,burger,Subway,2025-01-06,08:00,105,13,8,28,4,2,0,Monday,Afternoon,160
130,video,burger,Chipotle,2025-01-06,09:00,89,23,7,25,3,1,1,Monday,Afternoon,149
131,video,burger,Dominos,2025-01-06,10:00,105,14,6,22,7,1,0,Monday,Afternoon,155
132,image,burger,Dominos,2025-01-06,11:00,93,23,11,29,7,3,1,Monday,Afternoon,167
133,image,burger,McDonalds,2025-01-06,12:00,94,16,10,21,3,3,0,Monday,Afternoon,147
134,image,sushi,Dominos,2025-01-06,13:00,104,20,11,28,7,1,0,Monday,Evening,171
135,image,sushi,Subway,2025-01-06,14:00,91,31,14,20,8,3,1,Monday,Evening,168
136,image,sushi,Dominos,2025-01-06,15:00,103,20,12,24,3,3,0,Monday,Evening,165
137,image,sushi,McDonalds,2025-01-06,16:00,104,21,9,11,4,2,1,Monday,Evening,152
138,image,burger,Chipotle,2025-01-06,17:00,110,21,10,20,7,1,1,Monday,Evening,170
139,image,salad,McDonalds,2025-01-06,18:00,102,16,13,25,1,3,1,Monday,Evening,161
140,image,pizza,McDonalds,2025-01-06,19:00,110,17,11,13,4,2,0,Monday,Night,157
141,video,burger,Chipotle,2025-01-06,20:00,87,19,12,20,2,2,2,Monday,Night,144
142,image,pizza,McDonalds,2025-01-06,21:00,118,21,13,19,2,2,4,Monday,Night,179
143,video,salad,McDonalds,2025-01-06,22:00,96,18,11,18,5,3,0,Monday,Night,151
144,video,sushi,Dominos,2025-01-06,23:00,98,19,9,20,6,1,3,Monday,Night,156
145,video,salad,Dominos,2025-01-07,00:00,121,22,10,28,5,3,0,Tuesday,,189
146,image,burger,Chipotle,2025-01-07,01:00,86,14,16,23,4,1,2,Tuesday,Morning,146
147,image,sushi,Dominos,2025-01-07,02:00,114,14,5,20,5,5,2,Tuesday,Morning,165
148,image,burger,Dominos,2025-01-07,03:00,93,23,14,18,7,2,2,Tuesday,Morning,159
149,image,sushi,McDonalds,2025-01-07,04:00,112,20,5,23,4,1,0,Tuesday,Morning,165
150,video,pizza,Subway,2025-01-07,05:00,117,22,7,20,2,2,1,Tuesday,Morning,171
151,image,pizza,Dominos,2025-01-07,06:00,108,19,13,20,9,2,0,Tuesday,Morning,171
152,image,pizza,Subway,2025-01-07,07:00,111,25,13,16,4,1,1,Tuesday,Afternoon,171
153,image,salad,Dominos,2025-01-07,08:00,109,13,11,16,3,0,1,Tuesday,Afternoon,153
154,image,burger,Dominos,2025-01-07,09:00,89,21,8,24,4,2,2,Tuesday,Afternoon,150
155,image,salad,Chipotle,2025-01-07,10:00,75,13,10,16,4,3,1,Tuesday,Afternoon,122
156,video,pizza,Chipotle,2025-01-07,11:00,87,13,16,24,6,1,0,Tuesday,Afternoon,147
157,image,burger,Chipotle,2025-01-07,12:00,110,21,6,19,4,2,2,Tuesday,Afternoon,164
158,video,pizza,Subway,2025-01-07,13:00,100,22,16,23,6,4,3,Tuesday,Evening,174
159,image,salad,McDonalds,2025-01-07,14:00,107,23,6,25,9,2,1,Tuesday,Evening,173
160,video,salad,Dominos,2025-01-07,15:00,103,17,12,17,3,2,0,Tuesday,Evening,154
161,image,salad,Dominos,2025-01-07,16:00,94,21,8,14,3,2,1,Tuesday,Evening,143
162,image,pizza,Dominos,2025-01-07,17:00,106,18,8,17,8,2,0,Tuesday,Evening,159
163,video,burger,Subway,2025-01-07,18:00,104,19,14,22,6,3,0,Tuesday,Evening,168
164,video,burger,Chipotle,2025-01-07,19:00,88,23,8,23,1,2,0,Tuesday,Night,145
165,video,pizza,McDonalds,2025-01-07,20:00,85,18,6,17,7,1,4,Tuesday,Night,138
166,image,burger,Subway,2025-01-07,21:00,110,23,20,19,5,2,1,Tuesday,Night,180
167,video,pizza,Chipotle,2025-01-07,22:00,102,22,14,23,7,2,0,Tuesday,Night,170
168,image,burger,Subway,2025-01-07,23:00,103,24,11,25,5,1,1,Tuesday,Night,170
169,image,sushi,McDonalds,2025-01-08,00:00,96,19,9,21,2,2,2,Wednesday,,151
170,video,sushi,Chipotle,2025-01-08,01:00,101,16,12,19,6,0,2,Wednesday,Morning,156
171,video,salad,Subway,2025-01-08,02:00,108,18,9,20,7,4,3,Wednesday,Morning,169
172,image,sushi,McDonalds,2025-01-08,03:00,108,18,10,20,5,3,1,Wednesday,Morning,165
173,image,sushi,Dominos,2025-01-08,04:00,125,15,16,29,6,2,1,Wednesday,Morning,194
174,video,sushi,McDonalds,2025-01-08,05:00,95,18,14,17,5,5,0,Wednesday,Morning,154
175,video,pizza,Dominos,2025-01-08,06:00,94,14,13,25,6,4,0,Wednesday,Morning,156
176,video,sushi,Subway,2025-01-08,07:00,98,19,9,23,3,2,3,Wednesday,Afternoon,157
177,image,sushi,Chipotle,2025-01-08,08:00,114,22,10,16,4,1,0,Wednesday,Afternoon,167
178,image,salad,Chipotle,2025-01-08,09:00,97,22,18,15,5,0,0,Wednesday,Afternoon,157
179,image,sushi,Subway,2025-01-08,10:00,106,15,5,17,8,0,1,Wednesday,Afternoon,152
180,image,sushi,Chipotle,2025-01-08,11:00,103,21,3,23,10,2,2,Wednesday,Afternoon,164
181,image,burger,Chipotle,2025-01-08,12:00,109,19,7,21,5,0,1,Wednesday,Afternoon,162
182,image,salad,Dominos,2025-01-08,13:00,102,14,9,24,3,4,2,Wednesday,Evening,158
183,video,salad,Subway,2025-01-08,14:00,104,15,12,22,7,1,0,Wednesday,Evening,161
184,image,salad,McDonalds,2025-01-08,15:00,102,16,8,16,2,2,2,Wednesday,Evening,148
185,image,salad,Dominos,2025-01-08,16:00,102,21,13,22,6,3,2,Wednesday,Evening,169
186,image,salad,Subway,2025-01-08,17:00,105,26,10,24,6,2,1,Wednesday,Evening,174
187,video,salad,Dominos,2025-01-08,18:00,93,18,10,18,6,5,2,Wednesday,Evening,152
188,image,pizza,McDonalds,2025-01-08,19:00,100,20,7,23,5,1,3,Wednesday,Night,159
189,image,sushi,McDonalds,2025-01-08,20:00,79,21,7,19,0,0,2,Wednesday,Night,128
190,video,salad,Subway,2025-01-08,21:00,109,19,12,18,6,3,1,Wednesday,Night,168
191,image,sushi,McDonalds,2025-01-08,22:00,109,14,16,17,4,2,0,Wednesday,Night,162
192,image,sushi,Dominos,2025-01-08,23:00,98,19,15,22,6,3,1,Wednesday,Night,164
193,image,pizza,McDonalds,2025-01-09,00:00,95,24,9,25,3,2,2,Thursday,,160
194,image,salad,Dominos,2025-01-09,01:00,84,25,15,22,6,0,1,Thursday,Morning,153
195,image,burger,Dominos,2025-01-09,02:00,103,20,6,13,3,2,1,Thursday,Morning,148
196,video,pizza,McDonalds,2025-01-09,03:00,104,34,15,26,5,1,0,Thursday,Morning,185
197,video,burger,Subway,2025-01-09,04:00,104,23,9,25,2,3,0,Thursday,Morning,166
198,video,sushi,Chipotle,2025-01-09,05:00,86,19,11,25,4,3,1,Thursday,Morning,149
199,image,sushi,McDonalds,2025-01-09,06:00,111,22,11,20,7,1,0,Thursday,Morning,172
200,image,pizza,Dominos,2025-01-09,07:00,102,13,15,19,6,0,1,Thursday,Afternoon,156
201,image,pizza,Dominos,2025-01-09,08:00,90,17,18,17,7,3,1,Thursday,Afternoon,153
202,video,burger,McDonalds,2025-01-09,09:00,95,19,10,20,6,1,2,Thursday,Afternoon,153
203,image,salad,Subway,2025-01-09,10:00,93,18,9,24,2,6,0,Thursday,Afternoon,152
204,image,burger,Subway,2025-01-09,11:00,94,21,10,24,0,2,1,Thursday,Afternoon,152
205,video,pizza,Dominos,2025-01-09,12:00,93,18,11,12,4,1,3,Thursday,Afternoon,142
206,image,burger,Dominos,2025-01-09,13:00,113,19,14,23,5,2,2,Thursday,Evening,178
207,video,pizza,Subway,2025-01-09,14:00,90,21,7,26,2,2,1,Thursday,Evening,149
208,video,burger,Chipotle,2025-01-09,15:00,99,24,13,21,3,0,0,Thursday,Evening,160
209,video,pizza,McDonalds,2025-01-09,16:00,87,25,13,20,6,3,2,Thursday,Evening,156
210,image,pizza,Dominos,2025-01-09,17:00,107,24,8,27,9,1,1,Thursday,Evening,177
211,image,pizza,Dominos,2025-01-09,18:00,98,19,16,19,6,2,4,Thursday,Evening,164
212,image,salad,Subway,2025-01-09,19:00,108,20,7,16,4,2,1,Thursday,Night,158
213,image,burger,McDonalds,2025-01-09,20:00,103,16,6,18,2,3,0,Thursday,Night,148
214,image,burger,Subway,2025-01-09,21:00,108,21,10,20,6,1,1,Thursday,Night,167
215,image,burger,McDonalds,2025-01-09,22:00,124,11,16,23,7,1,2,Thursday,Night,184
216,image,pizza,McDonalds,2025-01-09,23:00,79,24,10,21,2,2,1,Thursday,Night,139
217,video,burger,McDonalds,2025-01-10,00:00,93,16,13,15,6,1,2,Friday,,146
218,image,burger,Dominos,2025-01-10,01:00,116,12,8,16,8,3,1,Friday,Morning,164
219,video,pizza,Chipotle,2025-01-10,02:00,93,15,7,15,4,1,1,Friday,Morning,136
220,image,sushi,Subway,2025-01-10,03:00,98,16,8,15,6,4,0,Friday,Morning,147
221,image,pizza,Chipotle,2025-01-10,04:00,81,10,7,24,6,0,3,Friday,Morning,131
222,image,burger,Subway,2025-01-10,05:00,71,20,14,20,1,2,2,Friday,Morning,130
223,video,pizza,McDonalds,2025-01-10,06:00,116,18,7,21,7,5,1,Friday,Morning,175
224,video,sushi,Dominos,2025-01-10,07:00,101,14,8,20,6,3,0,Friday,Afternoon,152
225,video,pizza,Chipotle,2025-01-10,08:00,95,11,9,28,5,3,1,Friday,Afternoon,152
226,video,burger,Dominos,2025-01-10,09:00,120,21,11,21,3,2,1,Friday,Afternoon,179
227,image,sushi,Subway,2025-01-10,10:00,98,26,16,17,7,4,0,Friday,Afternoon,168
228,video,salad,Dominos,2025-01-10,11:00,92,31,7,19,4,3,2,Friday,Afternoon,158
229,image,burger,Dominos,2025-01-10,12:00,90,13,11,25,2,0,1,Friday,Afternoon,142
230,image,sushi,Chipotle,2025-01-10,13:00,99,15,9,23,7,1,1,Friday,Evening,155
231,video,sushi,McDonalds,2025-01-10,14:00,103,22,12,17,5,6,1,Friday,Evening,166
232,video,salad,Dominos,2025-01-10,15:00,86,29,8,23,8,4,2,Friday,Evening,160
233,video,pizza,McDonalds,2025-01-10,16:00,91,17,9,15,7,5,1,Friday,Evening,145
234,video,pizza,Subway,2025-01-10,17:00,112,15,17,16,5,3,0,Friday,Evening,168
235,video,burger,Dominos,2025-01-10,18:00,101,14,8,20,4,3,1,Friday,Evening,151
236,video,salad,Chipotle,2025-01-10,19:00,112,16,10,17,3,0,0,Friday,Night,158
237,video,pizza,Subway,2025-01-10,20:00,81,30,12,19,9,2,2,Friday,Night,155
238,video,salad,Subway,2025-01-10,21:00,101,18,11,14,4,2,2,Friday,Night,152
239,image,pizza,Chipotle,2025-01-10,22:00,99,12,6,26,8,3,3,Friday,Night,157
240,video,sushi,Dominos,2025-01-10,23:00,112,22,14,18,4,1,0,Friday,Night,171
241,video,pizza,Dominos,2025-01-11,00:00,99,19,13,22,2,5,3,Saturday,,163
242,image,salad,Subway,2025-01-11,01:00,104,19,9,22,2,7,1,Saturday,Morning,164
243,video,sushi,Dominos,2025-01-11,02:00,80,18,13,23,5,3,2,Saturday,Morning,144
244,image,sushi,McDonalds,2025-01-11,03:00,110,21,10,20,8,2,0,Saturday,Morning,171
245,image,sushi,Chipotle,2025-01-11,04:00,90,17,10,19,5,4,2,Saturday,Morning,147
246,video,salad,McDonalds,2025-01-11,05:00,89,16,17,26,6,1,0,Saturday,Morning,155
247,image,burger,Dominos,2025-01-11,06:00,108,15,8,17,3,0,2,Saturday,Morning,153
248,image,burger,Subway,2025-01-11,07:00,92,22,14,13,5,2,0,Saturday,Afternoon,148
249,image,burger,Chipotle,2025-01-11,08:00,67,20,12,21,8,2,0,Saturday,Afternoon,130
250,image,salad,Dominos,2025-01-11,09:00,99,12,7,27,4,0,0,Saturday,Afternoon,149
251,video,sushi,Dominos,2025-01-11,10:00,101,18,4,13,5,2,1,Saturday,Afternoon,144
252,image,burger,Subway,2025-01-11,11:00,85,16,10,20,1,0,2,Saturday,Afternoon,134
253,video,salad,Subway,2025-01-11,12:00,111,15,13,18,5,1,0,Saturday,Afternoon,163
254,image,burger,McDonalds,2025-01-11,13:00,90,18,7,22,6,0,0,Saturday,Evening,143
255,image,pizza,Chipotle,2025-01-11,14:00,93,19,14,20,3,2,0,Saturday,Evening,151
256,image,burger,Chipotle,2025-01-11,15:00,102,26,9,31,6,1,0,Saturday,Evening,175
257,image,burger,Subway,2025-01-11,16:00,109,23,6,20,5,1,3,Saturday,Evening,167
258,video,sushi,McDonalds,2025-01-11,17:00,117,19,17,18,5,0,2,Saturday,Evening,178
259,video,salad,Chipotle,2025-01-11,18:00,88,19,7,13,6,0,1,Saturday,Evening,134
260,image,sushi,Subway,2025-01-11,19:00,109,22,16,17,6,1,0,Saturday,Night,171
261,image,sushi,Dominos,2025-01-11,20:00,87,14,8,21,7,0,0,Saturday,Night,137
262,video,sushi,Chipotle,2025-01-11,21:00,90,16,2,12,6,7,4,Saturday,Night,137
263,image,sushi,McDonalds,2025-01-11,22:00,105,22,8,22,5,1,3,Saturday,Night,166
264,image,sushi,McDonalds,2025-01-11,23:00,98,19,10,20,6,4,0,Saturday,Night,157
265,image,burger,McDonalds,2025-01-12,00:00,83,21,7,20,6,2,1,Sunday,,140
266,video,sushi,Dominos,2025-01-12,01:00,110,15,8,17,5,4,3,Sunday,Morning,162
267,video,sushi,Chipotle,2025-01-12,02:00,104,21,10,29,10,2,1,Sunday,Morning,177
268,video,salad,Chipotle,2025-01-12,03:00,114,16,7,12,4,2,1,Sunday,Morning,156
269,image,pizza,Dominos,2025-01-12,04:00,89,24,9,26,8,2,2,Sunday,Morning,160
270,image,burger,Chipotle,2025-01-12,05:00,102,17,10,18,6,4,1,Sunday,Morning,158
271,video,burger,Dominos,2025-01-12,06:00,83,21,11,19,4,1,1,Sunday,Morning,140
272,video,burger,Dominos,2025-01-12,07:00,90,23,9,22,5,2,1,Sunday,Afternoon,152
273,video,sushi,Dominos,2025-01-12,08:00,110,20,12,15,4,3,0,Sunday,Afternoon,164
274,video,sushi,McDonalds,2025-01-12,09:00,106,17,11,18,6,5,2,Sunday,Afternoon,165
275,image,sushi,Chipotle,2025-01-12,10:00,99,21,9,18,2,1,2,Sunday,Afternoon,152
276,video,salad,Dominos,2025-01-12,11:00,99,17,8,14,2,2,2,Sunday,Afternoon,144
277,image,pizza,Chipotle,2025-01-12,12:00,100,20,10,23,9,0,1,Sunday,Afternoon,163
278,video,sushi,McDonalds,2025-01-12,13:00,95,23,13,22,1,3,0,Sunday,Evening,157
279,image,pizza,Dominos,2025-01-12,14:00,106,15,11,13,3,3,1,Sunday,Evening,152
280,video,salad,Subway,2025-01-12,15:00,85,13,16,23,4,0,1,Sunday,Evening,142
281,video,burger,McDonalds,2025-01-12,16:00,88,21,12,25,3,1,1,Sunday,Evening,151
282,video,sushi,Subway,2025-01-12,17:00,98,20,7,23,2,0,1,Sunday,Evening,151
283,video,pizza,Chipotle,2025-01-12,18:00,104,15,14,18,6,0,2,Sunday,Evening,159
284,image,pizza,Chipotle,2025-01-12,19:00,96,26,16,20,2,1,0,Sunday,Night,161
285,video,sushi,McDonalds,2025-01-12,20:00,99,26,10,19,7,3,0,Sunday,Night,164
286,image,burger,Chipotle,2025-01-12,21:00,104,25,13,11,10,2,2,Sunday,Night,167
287,image,burger,Subway,2025-01-12,22:00,105,21,16,18,1,5,0,Sunday,Night,166
288,image,burger,Dominos,2025-01-12,23:00,106,17,6,23,2,2,0,Sunday,Night,156
289,image,salad,Dominos,2025-01-13,00:00,89,16,6,10,4,2,1,Monday,,128
290,video,pizza,Dominos,2025-01-13,01:00,91,21,9,17,4,2,1,Monday,Morning,145
291,image,pizza,McDonalds,2025-01-13,02:00,93,19,11,14,8,1,0,Monday,Morning,146
292,image,pizza,Chipotle,2025-01-13,03:00,106,12,10,29,6,2,0,Monday,Morning,165
293,image,salad,Subway,2025-01-13,04:00,94,15,11,15,2,1,2,Monday,Morning,140
294,video,pizza,Chipotle,2025-01-13,05:00,104,16,10,18,6,0,1,Monday,Morning,155
295,video,salad,Chipotle,2025-01-13,06:00,113,19,8,20,8,4,2,Monday,Morning,174
296,video,burger,Chipotle,2025-01-13,07:00,109,22,9,23,8,1,2,Monday,Afternoon,174
297,video,sushi,Dominos,2025-01-13,08:00,93,28,11,17,2,3,1,Monday,Afternoon,155
298,image,pizza,Subway,2025-01-13,09:00,105,15,11,20,5,1,1,Monday,Afternoon,158
299,image,pizza,Subway,2025-01-13,10:00,86,19,8,16,4,2,1,Monday,Afternoon,136
300,video,burger,Chipotle,2025-01-13,11:00,99,22,12,15,3,2,0,Monday,Afternoon,153
301,image,sushi,Dominos,2025-01-13,12:00,101,23,9,22,8,1,0,Monday,Afternoon,164
302,image,salad,Dominos,2025-01-13,13:00,98,26,14,25,3,2,0,Monday,Evening,168
303,image,sushi,Subway,2025-01-13,14:00,93,16,8,16,7,0,1,Monday,Evening,141
304,video,burger,Dominos,2025-01-13,15:00,94,20,14,23,2,2,1,Monday,Evening,156
305,video,burger,Dominos,2025-01-13,16:00,108,16,9,27,1,1,4,Monday,Evening,166
306,image,sushi,Dominos,2025-01-13,17:00,107,24,13,23,5,1,1,Monday,Evening,174
307,video,salad,McDonalds,2025-01-13,18:00,111,19,12,19,4,0,2,Monday,Evening,167
308,video,salad,Chipotle,2025-01-13,19:00,113,29,15,18,4,3,1,Monday,Night,183
309,video,pizza,Subway,2025-01-13,20:00,106,24,10,18,4,1,1,Monday,Night,164
310,video,salad,Subway,2025-01-13,21:00,84,18,9,21,3,2,1,Monday,Night,138
311,video,sushi,McDonalds,2025-01-13,22:00,94,22,4,10,0,1,3,Monday,Night,134
312,image,burger,Chipotle,2025-01-13,23:00,94,21,8,15,2,5,1,Monday,Night,146
313,video,pizza,Subway,2025-01-14,00:00,107,20,12,13,3,1,0,Tuesday,,156
314,image,pizza,Dominos,2025-01-14,01:00,115,19,10,17,4,4,1,Tuesday,Morning,170
315,image,burger,Subway,2025-01-14,02:00,105,23,14,29,2,1,2,Tuesday,Morning,176
316,video,salad,Dominos,2025-01-14,03:00,115,19,12,19,6,0,0,Tuesday,Morning,171
317,image,burger,McDonalds,2025-01-14,04:00,83,27,17,20,5,3,1,Tuesday,Morning,156
318,image,salad,Dominos,2025-01-14,05:00,109,25,13,17,1,3,0,Tuesday,Morning,168
319,image,burger,Subway,2025-01-14,06:00,112,31,16,18,8,2,0,Tuesday,Morning,187
320,video,sushi,Subway,2025-01-14,07:00,103,18,13,24,6,3,0,Tuesday,Afternoon,167
321,video,salad,Subway,2025-01-14,08:00,105,20,9,21,1,2,0,Tuesday,Afternoon,158
322,image,sushi,McDonalds,2025-01-14,09:00,114,16,13,17,9,2,0,Tuesday,Afternoon,171
323,video,pizza,McDonalds,2025-01-14,10:00,100,17,8,16,3,1,0,Tuesday,Afternoon,145
324,video,burger,Chipotle,2025-01-14,11:00,94,14,10,20,9,2,1,Tuesday,Afternoon,150
325,video,pizza,Subway,2025-01-14,12:00,109,29,8,29,4,3,2,Tuesday,Afternoon,184
326,video,pizza,Dominos,2025-01-14,13:00,115,18,12,22,3,1,0,Tuesday,Evening,171
327,image,pizza,McDonalds,2025-01-14,14:00,103,22,11,21,7,2,1,Tuesday,Evening,167
328,image,pizza,Subway,2025-01-14,15:00,103,14,12,17,5,2,0,Tuesday,Evening,153
329,video,burger,Subway,2025-01-14,16:00,92,18,14,17,6,2,3,Tuesday,Evening,152
330,video,pizza,McDonalds,2025-01-14,17:00,85,29,8,10,3,2,1,Tuesday,Evening,138
331,image,burger,Chipotle,2025-01-14,18:00,100,26,10,23,7,1,0,Tuesday,Evening,167
332,image,burger,McDonalds,2025-01-14,19:00,123,23,9,19,5,2,2,Tuesday,Night,183
333,video,sushi,McDonalds,2025-01-14,20:00,107,22,5,18,8,0,1,Tuesday,Night,161
334,image,salad,Dominos,2025-01-14,21:00,104,26,7,19,7,3,1,Tuesday,Night,167
335,video,salad,Dominos,2025-01-14,22:00,92,20,7,30,3,3,1,Tuesday,Night,156
336,video,burger,Chipotle,2025-01-14,23:00,99,18,11,20,5,1,1,Tuesday,Night,155
337,image,sushi,Subway,2025-01-15,00:00,87,25,10,20,9,3,0,Wednesday,,154
338,image,burger,McDonalds,2025-01-15,01:00,99,15,11,17,5,6,0,Wednesday,Morning,153
339,video,burger,Chipotle,2025-01-15,02:00,103,20,10,21,6,4,1,Wednesday,Morning,165
340,video,burger,Dominos,2025-01-15,03:00,91,19,13,17,4,1,0,Wednesday,Morning,145
341,image,sushi,McDonalds,2025-01-15,04:00,91,25,6,18,6,1,2,Wednesday,Morning,149
342,video,salad,Subway,2025-01-15,05:00,85,22,9,18,6,0,1,Wednesday,Morning,141
343,image,sushi,Dominos,2025-01-15,06:00,110,18,10,19,5,0,0,Wednesday,Morning,162
344,video,pizza,Dominos,2025-01-15,07:00,100,23,16,16,6,2,0,Wednesday,Afternoon,163
345,image,sushi,Dominos,2025-01-15,08:00,119,19,7,20,4,1,1,Wednesday,Afternoon,171
346,image,sushi,Chipotle,2025-01-15,09:00,83,22,9,24,4,2,0,Wednesday,Afternoon,144
347,image,sushi,Subway,2025-01-15,10:00,86,17,10,23,7,5,1,Wednesday,Afternoon,149
348,video,sushi,McDonalds,2025-01-15,11:00,100,29,8,18,7,5,0,Wednesday,Afternoon,167
349,video,salad,Chipotle,2025-01-15,12:00,100,24,6,18,5,2,2,Wednesday,Afternoon,157
350,image,pizza,Chipotle,2025-01-15,13:00,93,14,11,17,3,3,1,Wednesday,Evening,142
351,video,salad,Chipotle,2025-01-15,14:00,98,18,17,20,3,2,1,Wednesday,Evening,159
352,image,salad,Dominos,2025-01-15,15:00,116,18,6,16,3,2,2,Wednesday,Evening,163
353,image,sushi,Subway,2025-01-15,16:00,103,19,14,15,2,0,1,Wednesday,Evening,154
354,video,burger,Chipotle,2025-01-15,17:00,110,20,17,24,6,2,1,Wednesday,Evening,180
355,video,burger,McDonalds,2025-01-15,18:00,104,16,8,23,3,1,2,Wednesday,Evening,157
356,image,salad,Subway,2025-01-15,19:00,92,22,12,25,3,4,0,Wednesday,Night,158
357,video,salad,McDonalds,2025-01-15,20:00,103,19,6,15,11,0,1,Wednesday,Night,155
358,video,sushi,Subway,2025-01-15,21:00,86,24,8,14,4,4,0,Wednesday,Night,140
359,image,salad,McDonalds,2025-01-15,22:00,99,25,8,20,10,6,1,Wednesday,Night,169
360,image,sushi,Dominos,2025-01-15,23:00,86,19,8,23,8,3,1,Wednesday,Night,148
361,video,burger,Chipotle,2025-01-16,00:00,108,16,3,23,3,2,2,Thursday,,157
362,image,burger,McDonalds,2025-01-16,01:00,83,20,12,17,7,2,3,Thursday,Morning,144
363,image,pizza,Subway,2025-01-16,02:00,120,19,7,25,5,1,0,Thursday,Morning,177
364,video,burger,Chipotle,2025-01-16,03:00,105,18,12,17,3,2,1,Thursday,Morning,158
365,image,salad,Chipotle,2025-01-16,04:00,103,16,13,24,5,2,2,Thursday,Morning,165
366,image,burger,Subway,2025-01-16,05:00,104,16,7,18,6,2,0,Thursday,Morning,153
367,video,sushi,McDonalds,2025-01-16,06:00,103,27,10,20,5,2,0,Thursday,Morning,167
368,video,burger,Dominos,2025-01-16,07:00,107,23,11,16,5,3,1,Thursday,Afternoon,166
369,image,pizza,Dominos,2025-01-16,08:00,115,14,9,15,2,2,1,Thursday,Afternoon,158
370,image,burger,McDonalds,2025-01-16,09:00,101,19,8,28,6,1,1,Thursday,Afternoon,164
371,video,sushi,Chipotle,2025-01-16,10:00,94,20,13,26,5,2,3,Thursday,Afternoon,163
372,video,sushi,Chipotle,2025-01-16,11:00,102,18,11,22,4,2,0,Thursday,Afternoon,159
373,video,salad,Chipotle,2025-01-16,12:00,86,23,6,24,7,3,0,Thursday,Afternoon,149
374,video,burger,Chipotle,2025-01-16,13:00,95,16,7,15,5,2,2,Thursday,Evening,142
375,image,sushi,McDonalds,2025-01-16,14:00,104,15,10,24,6,3,1,Thursday,Evening,163
376,video,pizza,Chipotle,2025-01-16,15:00,106,18,12,19,6,1,0,Thursday,Evening,162
377,video,salad,Subway,2025-01-16,16:00,105,18,5,18,6,3,0,Thursday,Evening,155
378,image,pizza,Chipotle,2025-01-16,17:00,94,22,6,20,3,3,1,Thursday,Evening,149
379,video,burger,Dominos,2025-01-16,18:00,98,24,9,13,5,4,0,Thursday,Evening,153
380,image,burger,Chipotle,2025-01-16,19:00,117,26,6,20,4,3,0,Thursday,Night,176
381,video,burger,McDonalds,2025-01-16,20:00,95,23,8,16,8,2,0,Thursday,Night,152
382,video,salad,Dominos,2025-01-16,21:00,96,16,14,20,3,1,1,Thursday,Night,151
383,video,sushi,McDonalds,2025-01-16,22:00,106,18,13,28,2,5,0,Thursday,Night,172
384,image,salad,McDonalds,2025-01-16,23:00,96,16,8,19,1,0,1,Thursday,Night,141
385,image,pizza,Dominos,2025-01-17,00:00,98,12,7,24,7,0,0,Friday,,148
386,video,salad,McDonalds,2025-01-17,01:00,114,21,10,14,3,3,1,Friday,Morning,166
387,image,pizza,McDonalds,2025-01-17,02:00,88,19,4,21,2,4,1,Friday,Morning,139
388,image,salad,Chipotle,2025-01-17,03:00,104,20,7,23,4,2,3,Friday,Morning,163
389,image,sushi,Subway,2025-01-17,04:00,95,11,7,14,6,5,0,Friday,Morning,138
390,image,pizza,McDonalds,2025-01-17,05:00,97,17,16,16,2,1,2,Friday,Morning,151
391,image,burger,McDonalds,2025-01-17,06:00,105,15,8,21,7,0,0,Friday,Morning,156
392,image,burger,McDonalds,2025-01-17,07:00,96,14,3,18,4,3,0,Friday,Afternoon,138
393,video,salad,Chipotle,2025-01-17,08:00,106,14,11,22,10,2,2,Friday,Afternoon,167
394,video,burger,Subway,2025-01-17,09:00,100,27,16,22,8,2,0,Friday,Afternoon,175
395,image,pizza,Dominos,2025-01-17,10:00,100,25,12,20,6,1,1,Friday,Afternoon,165
396,video,burger,Chipotle,2025-01-17,11:00,97,15,10,20,7,2,2,Friday,Afternoon,153
397,video,sushi,Chipotle,2025-01-17,12:00,88,27,9,24,3,2,0,Friday,Afternoon,153
398,video,sushi,Subway,2025-01-17,13:00,108,26,8,19,4,5,4,Friday,Evening,174
399,video,salad,Subway,2025-01-17,14:00,94,17,10,14,8,3,3,Friday,Evening,149
400,image,pizza,Chipotle,2025-01-17,15:00,94,18,7,26,5,0,2,Friday,Evening,152
401,video,sushi,Dominos,2025-01-17,16:00,103,21,12,23,4,4,0,Friday,Evening,167
402,video,sushi,Chipotle,2025-01-17,17:00,126,23,10,17,4,1,1,Friday,Evening,182
403,image,pizza,Subway,2025-01-17,18:00,97,17,10,14,5,5,0,Friday,Evening,148
404,image,burger,Dominos,2025-01-17,19:00,101,24,10,25,5,1,3,Friday,Night,169
405,video,burger,Subway,2025-01-17,20:00,101,22,7,21,4,5,1,Friday,Night,161
406,video,salad,Dominos,2025-01-17,21:00,108,21,12,11,3,1,0,Friday,Night,156
407,video,burger,McDonalds,2025-01-17,22:00,98,18,5,26,6,1,1,Friday,Night,155
408,video,pizza,Subway,2025-01-17,23:00,93,9,6,12,8,3,1,Friday,Night,132
409,video,sushi,Subway,2025-01-18,00:00,79,18,10,18,5,1,0,Saturday,,131
410,video,burger,Chipotle,2025-01-18,01:00,102,15,11,25,5,1,3,Saturday,Morning,162
411,image,salad,Subway,2025-01-18,02:00,102,30,9,28,3,2,0,Saturday,Morning,174
412,video,burger,Subway,2025-01-18,03:00,98,24,12,23,5,3,0,Saturday,Morning,165
413,video,pizza,McDonalds,2025-01-18,04:00,100,24,8,19,5,1,1,Saturday,Morning,158
414,image,salad,Subway,2025-01-18,05:00,104,22,11,27,10,4,0,Saturday,Morning,178
415,image,burger,McDonalds,2025-01-18,06:00,103,22,13,17,4,0,1,Saturday,Morning,160
416,image,salad,McDonalds,2025-01-18,07:00,97,12,8,17,4,2,0,Saturday,Afternoon,140
417,image,pizza,McDonalds,2025-01-18,08:00,99,17,12,21,9,1,0,Saturday,Afternoon,159
418,video,sushi,McDonalds,2025-01-18,09:00,116,18,11,11,5,2,0,Saturday,Afternoon,163
419,video,pizza,Dominos,2025-01-18,10:00,101,21,9,23,4,2,2,Saturday,Afternoon,162
420,video,pizza,Chipotle,2025-01-18,11:00,87,18,6,19,2,2,1,Saturday,Afternoon,135
421,video,pizza,Dominos,2025-01-18,12:00,87,15,9,18,4,3,1,Saturday,Afternoon,137
422,video,pizza,Subway,2025-01-18,13:00,93,17,10,11,4,3,1,Saturday,Evening,139
423,video,sushi,Dominos,2025-01-18,14:00,121,21,8,26,5,3,3,Saturday,Evening,187
424,image,sushi,Dominos,2025-01-18,15:00,99,18,5,15,2,2,0,Saturday,Evening,141
425,video,salad,Subway,2025-01-18,16:00,99,16,7,23,8,4,2,Saturday,Evening,159
426,image,burger,Subway,2025-01-18,17:00,103,24,9,23,3,3,0,Saturday,Evening,165
427,image,sushi,Subway,2025-01-18,18:00,93,18,10,23,5,6,1,Saturday,Evening,156
428,video,sushi,Dominos,2025-01-18,19:00,108,17,5,25,4,3,0,Saturday,Night,162
429,image,burger,Dominos,2025-01-18,20:00,100,21,12,14,5,1,0,Saturday,Night,153
430,video,sushi,Subway,2025-01-18,21:00,102,18,8,28,7,2,0,Saturday,Night,165
431,image,pizza,Chipotle,2025-01-18,22:00,111,14,7,25,6,7,2,Saturday,Night,172
432,video,pizza,Chipotle,2025-01-18,23:00,102,13,7,15,7,2,0,Saturday,Night,146
433,image,burger,McDonalds,2025-01-19,00:00,90,14,8,18,3,1,2,Sunday,,136
434,video,salad,Subway,2025-01-19,01:00,112,28,11,13,8,5,0,Sunday,Morning,177
435,video,salad,McDonalds,2025-01-19,02:00,98,32,6,19,3,3,0,Sunday,Morning,161
436,video,burger,Chipotle,2025-01-19,03:00,104,23,8,14,6,5,1,Sunday,Morning,161
437,video,burger,McDonalds,2025-01-19,04:00,106,26,10,17,6,2,0,Sunday,Morning,167
438,video,pizza,Subway,2025-01-19,05:00,106,20,11,21,6,0,0,Sunday,Morning,164
439,image,salad,Subway,2025-01-19,06:00,94,18,10,20,3,0,1,Sunday,Morning,146
440,image,sushi,Subway,2025-01-19,07:00,110,24,8,25,1,1,0,Sunday,Afternoon,169
441,image,pizza,Dominos,2025-01-19,08:00,105,30,11,16,6,2,1,Sunday,Afternoon,171
442,video,burger,McDonalds,2025-01-19,09:00,94,21,7,17,5,3,1,Sunday,Afternoon,148
443,image,salad,Chipotle,2025-01-19,10:00,107,10,10,20,2,2,3,Sunday,Afternoon,154
444,video,sushi,Chipotle,2025-01-19,11:00,107,19,15,26,4,2,1,Sunday,Afternoon,174
445,video,sushi,Chipotle,2025-01-19,12:00,108,19,9,29,10,3,0,Sunday,Afternoon,178
446,image,pizza,Dominos,2025-01-19,13:00,105,31,11,17,3,1,5,Sunday,Evening,173
447,image,salad,Dominos,2025-01-19,14:00,112,20,13,18,11,7,2,Sunday,Evening,183
448,video,salad,Subway,2025-01-19,15:00,84,27,14,20,2,2,0,Sunday,Evening,149
449,image,burger,Chipotle,2025-01-19,16:00,82,18,9,20,3,6,1,Sunday,Evening,139
450,video,salad,Dominos,2025-01-19,17:00,97,25,12,18,3,1,0,Sunday,Evening,156
451,video,salad,Subway,2025-01-19,18:00,95,22,14,15,2,0,0,Sunday,Evening,148
452,video,pizza,Chipotle,2025-01-19,19:00,101,19,8,23,3,1,0,Sunday,Night,155
453,video,salad,McDonalds,2025-01-19,20:00,82,19,9,22,6,6,2,Sunday,Night,146
454,video,sushi,Subway,2025-01-19,21:00,109,19,9,21,6,2,4,Sunday,Night,170
455,image,pizza,Dominos,2025-01-19,22:00,78,18,11,20,7,2,0,Sunday,Night,136
456,image,pizza,Dominos,2025-01-19,23:00,97,15,5,20,3,1,0,Sunday,Night,141
457,video,burger,Subway,2025-01-20,00:00,92,21,8,23,5,1,1,Monday,,151
458,video,salad,Subway,2025-01-20,01:00,97,17,14,23,2,1,2,Monday,Morning,156
459,image,burger,Dominos,2025-01-20,02:00,95,20,7,31,5,1,0,Monday,Morning,159
460,image,sushi,McDonalds,2025-01-20,03:00,91,31,10,19,4,2,1,Monday,Morning,158
461,video,pizza,Chipotle,2025-01-20,04:00,96,20,6,20,1,2,1,Monday,Morning,146
462,image,pizza,McDonalds,2025-01-20,05:00,100,20,9,30,3,2,1,Monday,Morning,165
463,video,pizza,Subway,2025-01-20,06:00,102,16,11,18,3,0,4,Monday,Morning,154
464,image,sushi,McDonalds,2025-01-20,07:00,82,14,8,26,8,1,0,Monday,Afternoon,139
465,video,sushi,Dominos,2025-01-20,08:00,92,22,13,18,10,4,2,Monday,Afternoon,161
466,image,burger,Subway,2025-01-20,09:00,111,21,9,19,4,5,0,Monday,Afternoon,169
467,video,burger,Chipotle,2025-01-20,10:00,101,23,11,20,5,2,0,Monday,Afternoon,162
468,image,burger,Dominos,2025-01-20,11:00,88,23,9,14,6,4,1,Monday,Afternoon,145
469,image,salad,Dominos,2025-01-20,12:00,93,18,11,19,3,0,0,Monday,Afternoon,144
470,video,pizza,Chipotle,2025-01-20,13:00,93,12,11,18,11,3,2,Monday,Evening,150
471,image,pizza,Chipotle,2025-01-20,14:00,104,14,5,15,5,6,0,Monday,Evening,149
472,video,burger,McDonalds,2025-01-20,15:00,108,25,7,20,5,0,0,Monday,Evening,165
473,image,pizza,Subway,2025-01-20,16:00,77,18,13,26,3,6,1,Monday,Evening,144
474,video,burger,Chipotle,2025-01-20,17:00,106,25,9,28,7,2,2,Monday,Evening,179
475,image,salad,Chipotle,2025-01-20,18:00,111,26,7,20,2,3,0,Monday,Evening,169
476,video,salad,Subway,2025-01-20,19:00,92,15,6,13,5,3,2,Monday,Night,136
477,image,sushi,Chipotle,2025-01-20,20:00,94,15,13,15,4,0,0,Monday,Night,141
478,video,salad,Chipotle,2025-01-20,21:00,96,20,17,27,6,1,1,Monday,Night,168
479,image,burger,McDonalds,2025-01-20,22:00,112,15,12,23,4,1,0,Monday,Night,167
480,video,salad,Dominos,2025-01-20,23:00,98,9,11,27,5,1,3,Monday,Night,154
481,video,sushi,Dominos,2025-01-21,00:00,96,21,7,22,3,2,1,Tuesday,,152
482,video,pizza,Dominos,2025-01-21,01:00,84,22,10,22,5,6,1,Tuesday,Morning,150
483,image,burger,Dominos,2025-01-21,02:00,100,30,12,27,6,2,1,Tuesday,Morning,178
484,video,pizza,Chipotle,2025-01-21,03:00,104,28,10,21,3,3,0,Tuesday,Morning,169
485,image,sushi,Subway,2025-01-21,04:00,106,17,15,28,7,2,1,Tuesday,Morning,176
486,video,sushi,Subway,2025-01-21,05:00,123,23,13,16,4,7,1,Tuesday,Morning,187
487,image,sushi,McDonalds,2025-01-21,06:00,94,17,9,24,2,3,3,Tuesday,Morning,152
488,video,pizza,McDonalds,2025-01-21,07:00,109,21,6,16,12,1,1,Tuesday,Afternoon,166
489,image,pizza,Chipotle,2025-01-21,08:00,77,15,11,25,4,2,2,Tuesday,Afternoon,136
490,image,pizza,Subway,2025-01-21,09:00,124,24,15,27,2,2,1,Tuesday,Afternoon,195
491,video,pizza,Subway,2025-01-21,10:00,98,15,12,20,7,2,1,Tuesday,Afternoon,155
492,image,sushi,Dominos,2025-01-21,11:00,91,22,10,19,1,1,4,Tuesday,Afternoon,148
493,image,sushi,Chipotle,2025-01-21,12:00,96,20,9,20,0,1,1,Tuesday,Afternoon,147
494,video,burger,Chipotle,2025-01-21,13:00,108,18,10,17,3,1,2,Tuesday,Evening,159
495,image,burger,Dominos,2025-01-21,14:00,91,15,7,21,10,1,0,Tuesday,Evening,145
496,image,pizza,Chipotle,2025-01-21,15:00,99,19,7,14,2,2,0,Tuesday,Evening,143
497,image,salad,Chipotle,2025-01-21,16:00,91,19,12,22,9,2,1,Tuesday,Evening,156
498,video,salad,McDonalds,2025-01-21,17:00,103,21,8,20,3,2,2,Tuesday,Evening,159
499,image,sushi,Subway,2025-01-21,18:00,87,28,7,22,6,0,1,Tuesday,Evening,151
500,video,sushi,Chipotle,2025-01-21,19:00,107,20,8,16,5,2,0,Tuesday,Night,158
501,image,sushi,McDonalds,2025-01-21,20:00,104,23,8,21,3,5,1,Tuesday,Night,165
502,image,burger,Subway,2025-01-21,21:00,106,20,15,22,8,2,0,Tuesday,Night,173
503,image,burger,Dominos,2025-01-21,22:00,114,28,7,23,4,2,1,Tuesday,Night,179
504,video,sushi,McDonalds,2025-01-21,23:00,96,21,8,24,5,2,3,Tuesday,Night,159
505,image,sushi,McDonalds,2025-01-22,00:00,86,20,19,16,4,2,0,Wednesday,,147
506,image,sushi,Subway,2025-01-22,01:00,93,21,14,18,4,2,0,Wednesday,Morning,152
507,video,salad,Dominos,2025-01-22,02:00,95,20,6,25,3,4,2,Wednesday,Morning,155
508,image,burger,McDonalds,2025-01-22,03:00,86,12,10,21,5,4,0,Wednesday,Morning,138
509,video,salad,Chipotle,2025-01-22,04:00,100,25,15,16,3,3,1,Wednesday,Morning,163
510,video,salad,Chipotle,2025-01-22,05:00,101,15,10,23,7,2,1,Wednesday,Morning,159
511,image,sushi,Chipotle,2025-01-22,06:00,105,24,12,17,2,1,1,Wednesday,Morning,162
512,video,sushi,Dominos,2025-01-22,07:00,109,21,8,17,7,1,1,Wednesday,Afternoon,164
513,image,pizza,McDonalds,2025-01-22,08:00,87,8,3,17,4,2,1,Wednesday,Afternoon,122
514,video,pizza,Chipotle,2025-01-22,09:00,108,25,9,23,3,3,2,Wednesday,Afternoon,173
515,video,salad,Dominos,2025-01-22,10:00,86,25,9,13,3,2,2,Wednesday,Afternoon,140
516,image,burger,Chipotle,2025-01-22,11:00,109,19,6,13,8,2,0,Wednesday,Afternoon,157
517,video,sushi,Subway,2025-01-22,12:00,95,19,10,13,10,2,2,Wednesday,Afternoon,151
518,video,sushi,McDonalds,2025-01-22,13:00,112,21,8,26,5,4,2,Wednesday,Evening,178
519,video,salad,McDonalds,2025-01-22,14:00,115,17,4,20,8,4,1,Wednesday,Evening,169
520,video,pizza,Dominos,2025-01-22,15:00,109,18,12,21,1,4,1,Wednesday,Evening,166
521,video,burger,Dominos,2025-01-22,16:00,97,21,10,22,6,4,0,Wednesday,Evening,160
522,image,pizza,McDonalds,2025-01-22,17:00,81,17,13,9,2,1,1,Wednesday,Evening,124
523,video,pizza,Chipotle,2025-01-22,18:00,92,19,9,14,4,1,0,Wednesday,Evening,139
524,image,pizza,Chipotle,2025-01-22,19:00,108,24,11,21,4,0,0,Wednesday,Night,168
525,video,pizza,Subway,2025-01-22,20:00,121,11,14,28,8,1,2,Wednesday,Night,185
526,image,sushi,Chipotle,2025-01-22,21:00,127,27,13,22,7,2,1,Wednesday,Night,199
527,image,sushi,Dominos,2025-01-22,22:00,96,21,14,24,4,4,0,Wednesday,Night,163
528,video,pizza,Dominos,2025-01-22,23:00,90,18,10,26,7,2,0,Wednesday,Night,153
529,video,burger,Chipotle,2025-01-23,00:00,104,21,4,26,5,2,0,Thursday,,162
530,video,salad,Dominos,2025-01-23,01:00,102,13,16,17,7,4,1,Thursday,Morning,160
531,image,burger,McDonalds,2025-01-23,02:00,110,32,11,24,3,1,0,Thursday,Morning,181
532,video,burger,McDonalds,2025-01-23,03:00,97,21,5,16,4,1,4,Thursday,Morning,148
533,image,burger,Chipotle,2025-01-23,04:00,93,21,12,21,8,3,1,Thursday,Morning,159
534,image,pizza,McDonalds,2025-01-23,05:00,117,21,8,20,7,1,3,Thursday,Morning,177
535,image,sushi,McDonalds,2025-01-23,06:00,99,19,7,27,2,2,2,Thursday,Morning,158
536,video,burger,Subway,2025-01-23,07:00,106,22,16,19,2,1,1,Thursday,Afternoon,167
537,video,pizza,Subway,2025-01-23,08:00,88,17,9,20,6,0,1,Thursday,Afternoon,141
538,image,burger,McDonalds,2025-01-23,09:00,104,27,8,20,8,4,0,Thursday,Afternoon,171
539,image,burger,Chipotle,2025-01-23,10:00,101,22,11,20,4,1,1,Thursday,Afternoon,160
540,video,pizza,Subway,2025-01-23,11:00,100,15,3,15,6,2,1,Thursday,Afternoon,142
541,image,sushi,Dominos,2025-01-23,12:00,82,20,10,24,8,0,3,Thursday,Afternoon,147
542,video,sushi,Dominos,2025-01-23,13:00,110,22,10,22,6,1,0,Thursday,Evening,171
543,image,salad,Dominos,2025-01-23,14:00,101,18,7,22,4,1,1,Thursday,Evening,154
544,video,pizza,Chipotle,2025-01-23,15:00,76,16,15,18,6,0,1,Thursday,Evening,132
545,image,salad,McDonalds,2025-01-23,16:00,98,16,5,22,6,0,1,Thursday,Evening,148
546,video,salad,Dominos,2025-01-23,17:00,112,19,16,15,4,4,0,Thursday,Evening,170
547,image,salad,Chipotle,2025-01-23,18:00,126,19,10,22,4,1,0,Thursday,Evening,182
548,video,sushi,Subway,2025-01-23,19:00,102,26,5,23,5,0,1,Thursday,Night,162
549,video,pizza,McDonalds,2025-01-23,20:00,98,20,15,16,9,0,1,Thursday,Night,159
550,image,salad,Subway,2025-01-23,21:00,82,18,12,20,5,4,0,Thursday,Night,141
551,image,pizza,Chipotle,2025-01-23,22:00,108,22,11,17,6,4,1,Thursday,Night,169
552,video,pizza,Dominos,2025-01-23,23:00,99,29,12,15,9,2,2,Thursday,Night,168
553,image,sushi,Dominos,2025-01-24,00:00,92,18,10,24,3,2,1,Friday,,150
554,video,salad,Chipotle,2025-01-24,01:00,105,16,8,14,10,1,0,Friday,Morning,154
555,image,salad,Dominos,2025-01-24,02:00,102,23,6,27,7,1,0,Friday,Morning,166
556,video,pizza,McDonalds,2025-01-24,03:00,100,18,6,22,6,1,1,Friday,Morning,154
557,video,burger,Chipotle,2025-01-24,04:00,118,22,7,20,5,5,2,Friday,Morning,179
558,video,sushi,Subway,2025-01-24,05:00,104,24,8,22,5,0,2,Friday,Morning,165
559,video,sushi,Chipotle,2025-01-24,06:00,95,26,15,32,9,5,2,Friday,Morning,184
560,video,sushi,McDonalds,2025-01-24,07:00,107,30,11,23,7,1,4,Friday,Afternoon,183
561,video,sushi,McDonalds,2025-01-24,08:00,98,18,9,15,7,1,2,Friday,Afternoon,150
562,image,salad,Chipotle,2025-01-24,09:00,99,18,12,20,5,0,1,Friday,Afternoon,155
563,image,salad,Chipotle,2025-01-24,10:00,86,19,8,26,2,1,1,Friday,Afternoon,143
564,image,burger,Dominos,2025-01-24,11:00,97,16,10,24,5,2,0,Friday,Afternoon,154
565,video,sushi,McDonalds,2025-01-24,12:00,108,17,7,24,4,2,0,Friday,Afternoon,162
566,video,sushi,Chipotle,2025-01-24,13:00,97,15,8,25,7,0,1,Friday,Evening,153
567,video,pizza,Chipotle,2025-01-24,14:00,102,19,8,21,3,3,1,Friday,Evening,157
568,video,salad,McDonalds,2025-01-24,15:00,109,21,15,20,3,3,1,Friday,Evening,172
569,image,sushi,Chipotle,2025-01-24,16:00,102,15,10,15,6,3,0,Friday,Evening,151
570,image,burger,Dominos,2025-01-24,17:00,105,22,14,23,3,1,2,Friday,Evening,170
571,video,burger,McDonalds,2025-01-24,18:00,85,23,17,29,5,1,2,Friday,Evening,162
572,image,salad,Dominos,2025-01-24,19:00,91,20,10,21,3,2,0,Friday,Night,147
573,image,burger,Dominos,2025-01-24,20:00,72,23,9,26,8,0,1,Friday,Night,139
574,video,burger,Dominos,2025-01-24,21:00,113,20,12,22,3,2,2,Friday,Night,174
575,image,salad,Dominos,2025-01-24,22:00,123,23,16,25,7,2,1,Friday,Night,197
576,video,sushi,McDonalds,2025-01-24,23:00,98,19,7,20,5,1,0,Friday,Night,150
577,image,sushi,Dominos,2025-01-25,00:00,100,23,2,17,6,0,2,Saturday,,150
578,video,burger,Dominos,2025-01-25,01:00,93,26,5,18,4,3,1,Saturday,Morning,150
579,video,burger,Chipotle,2025-01-25,02:00,115,12,7,37,6,2,0,Saturday,Morning,179
580,video,sushi,McDonalds,2025-01-25,03:00,109,19,7,28,7,1,2,Saturday,Morning,173
581,video,salad,McDonalds,2025-01-25,04:00,100,16,5,22,10,1,0,Saturday,Morning,154
582,image,burger,Subway,2025-01-25,05:00,103,21,7,18,7,1,1,Saturday,Morning,158
583,video,pizza,McDonalds,2025-01-25,06:00,95,17,15,19,6,0,1,Saturday,Morning,153
584,video,salad,McDonalds,2025-01-25,07:00,91,26,8,13,4,3,6,Saturday,Afternoon,151
585,video,burger,Subway,2025-01-25,08:00,100,15,9,19,6,3,2,Saturday,Afternoon,154
586,image,burger,McDonalds,2025-01-25,09:00,110,17,9,22,2,2,0,Saturday,Afternoon,162
587,video,pizza,McDonalds,2025-01-25,10:00,95,20,16,20,2,2,2,Saturday,Afternoon,157
588,image,pizza,McDonalds,2025-01-25,11:00,108,15,11,17,3,1,0,Saturday,Afternoon,155
589,video,sushi,McDonalds,2025-01-25,12:00,88,29,7,26,9,6,1,Saturday,Afternoon,166
590,image,salad,Subway,2025-01-25,13:00,101,19,6,27,4,1,1,Saturday,Evening,159
591,image,salad,McDonalds,2025-01-25,14:00,98,13,11,17,7,3,2,Saturday,Evening,151
592,video,sushi,McDonalds,2025-01-25,15:00,87,17,9,27,8,1,0,Saturday,Evening,149
593,image,salad,Subway,2025-01-25,16:00,101,9,11,27,6,2,0,Saturday,Evening,156
594,video,salad,Chipotle,2025-01-25,17:00,94,24,4,30,3,1,0,Saturday,Evening,156
595,video,salad,Dominos,2025-01-25,18:00,91,20,13,23,6,0,1,Saturday,Evening,154
596,video,salad,Chipotle,2025-01-25,19:00,91,19,14,20,3,2,0,Saturday,Night,149
597,image,salad,Subway,2025-01-25,20:00,107,24,5,23,7,1,2,Saturday,Night,169
598,image,pizza,Dominos,2025-01-25,21:00,98,19,8,21,6,2,0,Saturday,Night,154
599,video,salad,Subway,2025-01-25,22:00,95,20,13,31,2,1,3,Saturday,Night,165
600,video,pizza,Subway,2025-01-25,23:00,110,18,10,16,1,3,3,Saturday,Night,161
601,image,salad,McDonalds,2025-01-26,00:00,96,20,9,19,2,1,0,Sunday,,147
602,video,sushi,Dominos,2025-01-26,01:00,108,14,6,20,5,2,0,Sunday,Morning,155
603,video,burger,McDonalds,2025-01-26,02:00,103,17,3,23,4,3,0,Sunday,Morning,153
604,video,pizza,Dominos,2025-01-26,03:00,83,11,7,13,5,6,0,Sunday,Morning,125
605,image,salad,Subway,2025-01-26,04:00,106,12,9,15,8,4,1,Sunday,Morning,155
606,image,sushi,Subway,2025-01-26,05:00,109,19,14,16,4,2,2,Sunday,Morning,166
607,image,burger,Chipotle,2025-01-26,06:00,123,17,10,18,6,2,1,Sunday,Morning,177
608,video,pizza,Dominos,2025-01-26,07:00,93,13,11,14,3,0,2,Sunday,Afternoon,136
609,video,burger,McDonalds,2025-01-26,08:00,94,18,11,14,4,2,2,Sunday,Afternoon,145
610,video,sushi,Chipotle,2025-01-26,09:00,108,27,10,27,8,4,2,Sunday,Afternoon,186
611,image,pizza,Chipotle,2025-01-26,10:00,100,13,7,20,5,1,1,Sunday,Afternoon,147
612,video,burger,Chipotle,2025-01-26,11:00,96,31,8,20,7,2,1,Sunday,Afternoon,165
613,video,salad,McDonalds,2025-01-26,12:00,111,19,6,21,2,1,2,Sunday,Afternoon,162
614,video,pizza,Chipotle,2025-01-26,13:00,106,17,13,19,5,3,0,Sunday,Evening,163
615,video,burger,McDonalds,2025-01-26,14:00,117,20,10,24,10,4,0,Sunday,Evening,185
616,image,sushi,Chipotle,2025-01-26,15:00,107,25,12,13,4,1,1,Sunday,Evening,163
617,image,sushi,McDonalds,2025-01-26,16:00,93,21,11,25,5,1,3,Sunday,Evening,159
618,video,pizza,Subway,2025-01-26,17:00,90,21,8,21,3,2,0,Sunday,Evening,145
619,image,burger,Subway,2025-01-26,18:00,112,21,6,18,3,3,1,Sunday,Evening,164
620,image,pizza,Subway,2025-01-26,19:00,107,24,9,20,8,1,2,Sunday,Night,171
621,video,pizza,Subway,2025-01-26,20:00,122,18,14,15,3,3,1,Sunday,Night,176
622,video,burger,Subway,2025-01-26,21:00,96,19,10,24,7,5,1,Sunday,Night,162
623,image,burger,Chipotle,2025-01-26,22:00,109,20,12,27,8,4,0,Sunday,Night,180
624,video,salad,Chipotle,2025-01-26,23:00,97,21,5,26,4,1,3,Sunday,Night,157
625,image,burger,Chipotle,2025-01-27,00:00,111,25,11,22,5,2,0,Monday,,176
626,video,sushi,McDonalds,2025-01-27,01:00,98,16,6,20,6,1,0,Monday,Morning,147
627,image,pizza,McDonalds,2025-01-27,02:00,106,17,16,20,1,2,0,Monday,Morning,162
628,video,pizza,McDonalds,2025-01-27,03:00,101,22,13,15,2,1,2,Monday,Morning,156
629,image,sushi,McDonalds,2025-01-27,04:00,78,21,13,15,3,1,2,Monday,Morning,133
630,image,burger,Subway,2025-01-27,05:00,107,14,11,34,4,5,1,Monday,Morning,176
631,image,sushi,Subway,2025-01-27,06:00,89,26,8,17,4,1,3,Monday,Morning,148
632,video,sushi,Subway,2025-01-27,07:00,101,23,10,21,4,3,1,Monday,Afternoon,163
633,image,salad,Dominos,2025-01-27,08:00,87,13,9,24,3,3,2,Monday,Afternoon,141
634,image,sushi,Chipotle,2025-01-27,09:00,88,19,9,16,5,4,3,Monday,Afternoon,144
635,video,pizza,McDonalds,2025-01-27,10:00,94,31,15,23,5,7,2,Monday,Afternoon,177
636,video,sushi,McDonalds,2025-01-27,11:00,105,18,9,19,2,2,1,Monday,Afternoon,156
637,image,pizza,Subway,2025-01-27,12:00,92,32,11,15,6,4,0,Monday,Afternoon,160
638,image,pizza,McDonalds,2025-01-27,13:00,102,17,16,21,3,2,1,Monday,Evening,162
639,video,pizza,McDonalds,2025-01-27,14:00,116,23,17,18,4,2,0,Monday,Evening,180
640,video,burger,Chipotle,2025-01-27,15:00,105,23,11,15,3,2,1,Monday,Evening,160
641,video,salad,Subway,2025-01-27,16:00,101,10,15,22,6,1,1,Monday,Evening,156
642,video,pizza,Chipotle,2025-01-27,17:00,94,18,6,27,4,1,0,Monday,Evening,150
643,video,pizza,Dominos,2025-01-27,18:00,103,20,14,17,1,6,0,Monday,Evening,161
644,image,burger,Dominos,2025-01-27,19:00,107,15,6,19,9,2,1,Monday,Night,159
645,video,pizza,Dominos,2025-01-27,20:00,81,19,11,23,7,1,1,Monday,Night,143
646,image,sushi,Subway,2025-01-27,21:00,93,22,8,17,5,1,2,Monday,Night,148
647,image,sushi,McDonalds,2025-01-27,22:00,105,21,9,19,4,6,4,Monday,Night,168
648,image,salad,Subway,2025-01-27,23:00,79,22,10,25,2,4,1,Monday,Night,143
649,video,pizza,Subway,2025-01-28,00:00,121,21,15,16,4,2,1,Tuesday,,180
650,image,burger,McDonalds,2025-01-28,01:00,105,16,12,20,5,1,0,Tuesday,Morning,159
651,image,sushi,Chipotle,2025-01-28,02:00,90,19,7,15,4,2,0,Tuesday,Morning,137
652,video,burger,Dominos,2025-01-28,03:00,108,12,12,19,6,0,0,Tuesday,Morning,157
653,image,burger,Chipotle,2025-01-28,04:00,93,18,9,24,3,0,1,Tuesday,Morning,148
654,image,sushi,Dominos,2025-01-28,05:00,98,21,13,21,7,5,0,Tuesday,Morning,165
655,video,burger,Subway,2025-01-28,06:00,81,17,11,24,5,0,1,Tuesday,Morning,139
656,image,sushi,Dominos,2025-01-28,07:00,86,16,8,23,6,0,1,Tuesday,Afternoon,140
657,image,burger,Subway,2025-01-28,08:00,107,23,5,17,7,4,0,Tuesday,Afternoon,163
658,image,sushi,Chipotle,2025-01-28,09:00,98,18,7,20,2,1,0,Tuesday,Afternoon,146
659,video,pizza,Subway,2025-01-28,10:00,97,24,15,16,6,2,2,Tuesday,Afternoon,162
660,video,salad,Chipotle,2025-01-28,11:00,91,12,12,24,4,3,1,Tuesday,Afternoon,147
661,video,sushi,McDonalds,2025-01-28,12:00,93,17,11,22,6,3,2,Tuesday,Afternoon,154
662,image,sushi,McDonalds,2025-01-28,13:00,103,25,13,16,3,2,0,Tuesday,Evening,162
663,image,salad,McDonalds,2025-01-28,14:00,94,23,12,16,6,5,2,Tuesday,Evening,158
664,video,sushi,Subway,2025-01-28,15:00,103,18,14,21,8,3,0,Tuesday,Evening,167
665,image,sushi,McDonalds,2025-01-28,16:00,104,24,11,20,3,0,4,Tuesday,Evening,166
666,image,burger,Dominos,2025-01-28,17:00,92,25,10,17,7,5,1,Tuesday,Evening,157
667,video,salad,Chipotle,2025-01-28,18:00,106,19,10,8,15,2,2,Tuesday,Evening,162
668,video,pizza,Chipotle,2025-01-28,19:00,94,16,10,23,7,3,0,Tuesday,Night,153
669,image,sushi,Dominos,2025-01-28,20:00,103,21,13,24,6,1,2,Tuesday,Night,170
670,image,salad,Subway,2025-01-28,21:00,122,15,7,19,3,2,0,Tuesday,Night,168
671,image,burger,Subway,2025-01-28,22:00,107,21,13,23,2,0,0,Tuesday,Night,166
672,video,pizza,Chipotle,2025-01-28,23:00,90,20,10,14,5,2,0,Tuesday,Night,141
673,video,salad,McDonalds,2025-01-29,00:00,106,21,8,18,6,1,4,Wednesday,,164
674,video,pizza,Subway,2025-01-29,01:00,97,21,7,22,6,2,1,Wednesday,Morning,156
675,video,pizza,Subway,2025-01-29,02:00,102,20,13,22,4,3,1,Wednesday,Morning,165
676,image,pizza,Dominos,2025-01-29,03:00,98,16,8,23,1,2,1,Wednesday,Morning,149
677,video,sushi,Dominos,2025-01-29,04:00,97,17,9,20,6,2,0,Wednesday,Morning,151
678,video,sushi,McDonalds,2025-01-29,05:00,90,20,12,26,8,1,3,Wednesday,Morning,160
679,video,burger,Subway,2025-01-29,06:00,84,17,14,19,2,2,2,Wednesday,Morning,140
680,video,burger,Subway,2025-01-29,07:00,117,26,6,21,2,2,1,Wednesday,Afternoon,175
681,video,salad,Dominos,2025-01-29,08:00,92,24,13,27,2,4,2,Wednesday,Afternoon,164
682,image,burger,Subway,2025-01-29,09:00,107,14,8,23,5,1,0,Wednesday,Afternoon,158
683,image,pizza,Chipotle,2025-01-29,10:00,103,25,10,30,7,3,0,Wednesday,Afternoon,178
684,video,pizza,Dominos,2025-01-29,11:00,104,22,11,21,7,1,0,Wednesday,Afternoon,166
685,image,sushi,McDonalds,2025-01-29,12:00,106,20,17,18,9,2,0,Wednesday,Afternoon,172
686,video,pizza,Dominos,2025-01-29,13:00,90,22,19,21,4,2,0,Wednesday,Evening,158
687,video,salad,Subway,2025-01-29,14:00,107,19,10,13,7,0,0,Wednesday,Evening,156
688,image,pizza,McDonalds,2025-01-29,15:00,92,21,9,23,5,1,0,Wednesday,Evening,151
689,image,pizza,Dominos,2025-01-29,16:00,93,15,9,27,7,3,0,Wednesday,Evening,154
690,video,salad,Chipotle,2025-01-29,17:00,80,20,12,17,7,3,0,Wednesday,Evening,139
691,video,burger,Chipotle,2025-01-29,18:00,107,13,14,19,3,2,1,Wednesday,Evening,159
692,video,burger,Dominos,2025-01-29,19:00,105,22,11,21,5,1,0,Wednesday,Night,165
693,image,salad,Chipotle,2025-01-29,20:00,110,13,9,23,5,1,3,Wednesday,Night,164
694,video,sushi,Chipotle,2025-01-29,21:00,119,16,8,13,5,0,1,Wednesday,Night,162
695,video,pizza,Chipotle,2025-01-29,22:00,90,17,7,25,5,1,0,Wednesday,Night,145
696,video,salad,McDonalds,2025-01-29,23:00,107,29,12,28,8,2,0,Wednesday,Night,186
697,image,pizza,Chipotle,2025-01-30,00:00,101,25,14,22,2,0,0,Thursday,,164
698,video,sushi,Chipotle,2025-01-30,01:00,96,17,10,17,6,3,1,Thursday,Morning,150
699,video,pizza,Chipotle,2025-01-30,02:00,102,17,5,14,6,2,1,Thursday,Morning,147
700,image,salad,McDonalds,2025-01-30,03:00,93,28,9,20,6,4,0,Thursday,Morning,160
701,video,pizza,Dominos,2025-01-30,04:00,115,23,9,20,1,1,0,Thursday,Morning,169
702,video,burger,Subway,2025-01-30,05:00,109,35,13,24,10,4,0,Thursday,Morning,195
703,image,sushi,Chipotle,2025-01-30,06:00,104,25,7,24,5,2,4,Thursday,Morning,171
704,video,sushi,Dominos,2025-01-30,07:00,106,22,12,19,3,1,1,Thursday,Afternoon,164
705,image,sushi,Chipotle,2025-01-30,08:00,98,27,10,21,0,5,1,Thursday,Afternoon,162
706,image,salad,McDonalds,2025-01-30,09:00,119,9,9,13,7,5,1,Thursday,Afternoon,163
707,video,sushi,Dominos,2025-01-30,10:00,111,25,12,15,4,2,2,Thursday,Afternoon,171
708,video,burger,McDonalds,2025-01-30,11:00,98,19,6,19,6,2,1,Thursday,Afternoon,151
709,video,salad,Chipotle,2025-01-30,12:00,94,19,8,22,4,3,1,Thursday,Afternoon,151
710,video,burger,Chipotle,2025-01-30,13:00,79,28,8,20,2,3,0,Thursday,Evening,140
711,image,pizza,McDonalds,2025-01-30,14:00,118,17,14,14,4,2,1,Thursday,Evening,170
712,video,pizza,Subway,2025-01-30,15:00,108,18,13,18,9,3,2,Thursday,Evening,171
713,image,pizza,McDonalds,2025-01-30,16:00,105,18,19,28,4,2,2,Thursday,Evening,178
714,video,pizza,Chipotle,2025-01-30,17:00,88,22,12,14,5,0,2,Thursday,Evening,143
715,video,burger,McDonalds,2025-01-30,18:00,81,17,10,18,8,2,3,Thursday,Evening,139
716,video,salad,Subway,2025-01-30,19:00,105,14,6,21,2,4,0,Thursday,Night,152
717,image,salad,McDonalds,2025-01-30,20:00,110,19,11,25,2,0,1,Thursday,Night,168
718,video,sushi,Subway,2025-01-30,21:00,86,12,17,16,5,4,2,Thursday,Night,142
719,video,burger,Subway,2025-01-30,22:00,94,25,8,21,4,0,0,Thursday,Night,152
720,video,pizza,McDonalds,2025-01-30,23:00,100,19,10,16,8,2,1,Thursday,Night,156
721,video,burger,McDonalds,2025-01-31,00:00,96,26,13,19,6,0,3,Friday,,163
722,image,sushi,Dominos,2025-01-31,01:00,111,21,12,23,9,1,1,Friday,Morning,178
723,video,sushi,Chipotle,2025-01-31,02:00,94,19,9,21,7,2,2,Friday,Morning,154
724,image,burger,Subway,2025-01-31,03:00,123,21,18,20,2,1,1,Friday,Morning,186
725,image,burger,Dominos,2025-01-31,04:00,96,24,9,16,8,4,2,Friday,Morning,159
726,image,burger,McDonalds,2025-01-31,05:00,120,15,9,26,3,2,1,Friday,Morning,176
727,image,salad,Chipotle,2025-01-31,06:00,85,15,9,25,5,0,4,Friday,Morning,143
728,image,pizza,Dominos,2025-01-31,07:00,101,21,10,18,4,1,0,Friday,Afternoon,155
729,image,burger,Subway,2025-01-31,08:00,90,21,11,19,5,4,0,Friday,Afternoon,150
730,video,burger,Dominos,2025-01-31,09:00,105,18,7,19,4,6,0,Friday,Afternoon,159
731,image,burger,Subway,2025-01-31,10:00,112,21,2,20,8,1,1,Friday,Afternoon,165
732,image,sushi,McDonalds,2025-01-31,11:00,98,22,8,26,0,3,2,Friday,Afternoon,159
733,image,sushi,Chipotle,2025-01-31,12:00,89,23,10,21,7,2,1,Friday,Afternoon,153
734,video,salad,Chipotle,2025-01-31,13:00,89,16,14,23,4,0,0,Friday,Evening,146
735,video,pizza,Chipotle,2025-01-31,14:00,91,14,8,27,5,4,0,Friday,Evening,149
736,image,salad,McDonalds,2025-01-31,15:00,89,22,9,16,2,3,2,Friday,Evening,143
737,video,pizza,Subway,2025-01-31,16:00,107,15,12,26,3,0,1,Friday,Evening,164
738,image,sushi,McDonalds,2025-01-31,17:00,100,25,11,15,3,0,1,Friday,Evening,155
739,image,sushi,Chipotle,2025-01-31,18:00,83,22,7,16,1,2,3,Friday,Evening,134
740,video,sushi,McDonalds,2025-01-31,19:00,89,11,16,19,3,3,0,Friday,Night,141
741,image,salad,McDonalds,2025-01-31,20:00,92,25,12,19,4,2,2,Friday,Night,156
742,video,burger,McDonalds,2025-01-31,21:00,85,22,6,24,4,2,1,Friday,Night,144
743,video,burger,Subway,2025-01-31,22:00,100,31,8,23,7,1,0,Friday,Night,170
744,image,sushi,Dominos,2025-01-31,23:00,92,21,9,30,9,3,2,Friday,Night,166
745,image,burger,Dominos,2025-02-01,00:00,97,23,11,26,1,3,2,Saturday,,163
746,video,burger,McDonalds,2025-02-01,01:00,103,16,8,23,3,1,2,Saturday,Morning,156
747,image,salad,Dominos,2025-02-01,02:00,97,27,14,15,5,1,1,Saturday,Morning,160
748,image,pizza,Dominos,2025-02-01,03:00,101,20,8,13,1,2,2,Saturday,Morning,147
749,image,sushi,McDonalds,2025-02-01,04:00,106,14,9,22,3,3,2,Saturday,Morning,159
750,video,sushi,McDonalds,2025-02-01,05:00,100,16,11,22,5,2,1,Saturday,Morning,157
751,video,salad,Chipotle,2025-02-01,06:00,113,22,7,21,7,2,2,Saturday,Morning,174
752,image,salad,Dominos,2025-02-01,07:00,101,24,13,29,4,1,2,Saturday,Afternoon,174
753,video,burger,Subway,2025-02-01,08:00,103,19,5,34,6,4,2,Saturday,Afternoon,173
754,video,sushi,McDonalds,2025-02-01,09:00,95,17,11,17,4,1,0,Saturday,Afternoon,145
755,video,pizza,Chipotle,2025-02-01,10:00,106,21,12,22,3,0,4,Saturday,Afternoon,168
756,video,salad,Subway,2025-02-01,11:00,97,27,8,20,5,3,1,Saturday,Afternoon,161
757,video,pizza,Dominos,2025-02-01,12:00,90,27,7,23,4,0,3,Saturday,Afternoon,154
758,image,pizza,Chipotle,2025-02-01,13:00,98,19,15,18,4,2,3,Saturday,Evening,159
759,image,sushi,McDonalds,2025-02-01,14:00,109,22,9,15,4,3,4,Saturday,Evening,166
760,image,sushi,Subway,2025-02-01,15:00,99,15,11,18,5,3,0,Saturday,Evening,151
761,video,salad,McDonalds,2025-02-01,16:00,104,13,5,24,4,3,0,Saturday,Evening,153
762,video,sushi,Dominos,2025-02-01,17:00,92,13,13,18,8,1,1,Saturday,Evening,146
763,image,sushi,Subway,2025-02-01,18:00,107,24,13,24,3,2,0,Saturday,Evening,173
764,video,sushi,Dominos,2025-02-01,19:00,111,14,11,16,5,2,1,Saturday,Night,160
765,image,pizza,Dominos,2025-02-01,20:00,112,15,11,15,4,0,1,Saturday,Night,158
766,image,salad,Chipotle,2025-02-01,21:00,95,25,8,16,3,0,2,Saturday,Night,149
767,image,burger,McDonalds,2025-02-01,22:00,99,22,4,19,5,2,1,Saturday,Night,152
768,video,pizza,Subway,2025-02-01,23:00,99,22,10,19,5,2,1,Saturday,Night,158
769,video,sushi,Dominos,2025-02-02,00:00,97,22,10,19,5,3,1,Sunday,,157
770,image,pizza,Dominos,2025-02-02,01:00,115,26,9,21,2,3,0,Sunday,Morning,176
771,image,sushi,Subway,2025-02-02,02:00,97,15,14,15,4,1,1,Sunday,Morning,147
772,image,sushi,Dominos,2025-02-02,03:00,130,16,9,15,4,2,2,Sunday,Morning,178
773,image,pizza,Chipotle,2025-02-02,04:00,104,27,4,18,7,1,1,Sunday,Morning,162
774,video,salad,Chipotle,2025-02-02,05:00,96,22,4,10,2,1,2,Sunday,Morning,137
775,video,sushi,Chipotle,2025-02-02,06:00,102,19,11,23,3,0,1,Sunday,Morning,159
776,image,salad,Chipotle,2025-02-02,07:00,91,29,13,24,4,3,4,Sunday,Afternoon,168
777,image,burger,Dominos,2025-02-02,08:00,96,26,12,21,5,2,1,Sunday,Afternoon,163
778,video,sushi,Subway,2025-02-02,09:00,96,16,6,20,7,2,1,Sunday,Afternoon,148
779,video,salad,Subway,2025-02-02,10:00,107,17,9,20,5,0,1,Sunday,Afternoon,159
780,image,salad,Subway,2025-02-02,11:00,106,22,10,19,3,3,1,Sunday,Afternoon,164
781,image,burger,Subway,2025-02-02,12:00,91,16,9,16,2,2,1,Sunday,Afternoon,137
782,image,salad,McDonalds,2025-02-02,13:00,99,22,14,17,5,3,2,Sunday,Evening,162
783,video,salad,Subway,2025-02-02,14:00,110,25,6,24,7,2,0,Sunday,Evening,174
784,video,burger,McDonalds,2025-02-02,15:00,101,22,7,31,5,5,1,Sunday,Evening,172
785,video,sushi,McDonalds,2025-02-02,16:00,108,21,6,27,5,3,2,Sunday,Evening,172
786,image,salad,Chipotle,2025-02-02,17:00,109,17,14,23,7,0,4,Sunday,Evening,174
787,image,salad,McDonalds,2025-02-02,18:00,110,17,12,16,7,3,1,Sunday,Evening,166
788,video,salad,Dominos,2025-02-02,19:00,87,20,13,23,10,2,1,Sunday,Night,156
789,video,pizza,McDonalds,2025-02-02,20:00,103,32,13,24,4,4,2,Sunday,Night,182
790,image,burger,Chipotle,2025-02-02,21:00,89,17,16,25,4,2,1,Sunday,Night,154
791,video,pizza,McDonalds,2025-02-02,22:00,114,17,10,15,0,4,0,Sunday,Night,160
792,video,burger,Dominos,2025-02-02,23:00,116,18,13,19,3,4,0,Sunday,Night,173
793,image,sushi,Dominos,2025-02-03,00:00,103,22,6,24,3,2,0,Monday,,160
794,video,sushi,Dominos,2025-02-03,01:00,114,25,13,18,2,2,1,Monday,Morning,175
795,image,salad,Chipotle,2025-02-03,02:00,104,12,10,17,9,3,1,Monday,Morning,156
796,image,burger,Chipotle,2025-02-03,03:00,99,14,14,24,8,2,2,Monday,Morning,163
797,image,sushi,Subway,2025-02-03,04:00,93,28,14,22,8,2,0,Monday,Morning,167
798,image,burger,Chipotle,2025-02-03,05:00,94,25,7,14,4,3,0,Monday,Morning,147
799,image,sushi,Dominos,2025-02-03,06:00,91,23,8,23,10,3,2,Monday,Morning,160
800,image,pizza,Dominos,2025-02-03,07:00,116,15,3,26,3,2,1,Monday,Afternoon,166
801,image,sushi,Chipotle,2025-02-03,08:00,90,22,13,16,2,2,0,Monday,Afternoon,145
802,video,pizza,McDonalds,2025-02-03,09:00,106,18,7,20,2,2,2,Monday,Afternoon,157
803,image,sushi,Chipotle,2025-02-03,10:00,111,25,10,30,2,4,3,Monday,Afternoon,185
804,image,salad,Chipotle,2025-02-03,11:00,109,24,9,23,6,4,0,Monday,Afternoon,175
805,video,pizza,Dominos,2025-02-03,12:00,106,26,11,25,2,3,1,Monday,Afternoon,174
806,video,sushi,Subway,2025-02-03,13:00,120,21,6,16,9,2,0,Monday,Evening,174
807,video,salad,Dominos,2025-02-03,14:00,95,19,9,18,8,4,1,Monday,Evening,154
808,image,pizza,Subway,2025-02-03,15:00,90,13,11,21,4,2,1,Monday,Evening,142
809,video,salad,Dominos,2025-02-03,16:00,91,26,6,22,4,2,1,Monday,Evening,152
810,image,burger,Chipotle,2025-02-03,17:00,93,16,11,25,3,6,2,Monday,Evening,156
811,image,burger,Dominos,2025-02-03,18:00,110,17,10,26,9,1,0,Monday,Evening,173
812,image,pizza,Dominos,2025-02-03,19:00,108,19,7,21,10,0,0,Monday,Night,165
813,image,sushi,Dominos,2025-02-03,20:00,84,14,11,29,5,1,1,Monday,Night,145
814,video,pizza,Chipotle,2025-02-03,21:00,96,19,11,20,5,1,2,Monday,Night,154
815,video,salad,Chipotle,2025-02-03,22:00,92,23,11,22,9,2,1,Monday,Night,160
816,image,sushi,Chipotle,2025-02-03,23:00,95,23,11,17,2,0,1,Monday,Night,149
817,image,burger,Chipotle,2025-02-04,00:00,114,25,9,23,5,5,2,Tuesday,,183
818,image,sushi,Subway,2025-02-04,01:00,92,16,10,25,5,4,2,Tuesday,Morning,154
819,video,burger,Subway,2025-02-04,02:00,81,22,8,30,8,3,0,Tuesday,Morning,152
820,image,sushi,McDonalds,2025-02-04,03:00,108,19,6,13,6,2,1,Tuesday,Morning,155
821,image,sushi,Chipotle,2025-02-04,04:00,92,26,13,20,6,1,1,Tuesday,Morning,159
822,video,sushi,Subway,2025-02-04,05:00,97,19,13,21,7,2,1,Tuesday,Morning,160
823,video,salad,Dominos,2025-02-04,06:00,109,16,11,27,5,3,1,Tuesday,Morning,172
824,image,salad,Chipotle,2025-02-04,07:00,94,20,7,19,5,4,0,Tuesday,Afternoon,149
825,video,pizza,McDonalds,2025-02-04,08:00,92,24,6,18,7,1,1,Tuesday,Afternoon,149
826,video,pizza,McDonalds,2025-02-04,09:00,108,23,8,18,4,0,1,Tuesday,Afternoon,162
827,image,burger,McDonalds,2025-02-04,10:00,108,20,7,20,4,1,3,Tuesday,Afternoon,163
828,video,salad,Dominos,2025-02-04,11:00,111,19,18,11,6,0,3,Tuesday,Afternoon,168
829,image,burger,Subway,2025-02-04,12:00,102,27,9,25,6,2,3,Tuesday,Afternoon,174
830,video,pizza,Dominos,2025-02-04,13:00,113,30,11,25,4,2,0,Tuesday,Evening,185
831,image,burger,Chipotle,2025-02-04,14:00,108,22,8,25,3,0,2,Tuesday,Evening,168
832,image,pizza,McDonalds,2025-02-04,15:00,106,14,11,21,3,0,1,Tuesday,Evening,156
833,image,salad,Dominos,2025-02-04,16:00,91,13,12,11,10,0,1,Tuesday,Evening,138
834,video,sushi,Dominos,2025-02-04,17:00,118,19,12,14,6,0,0,Tuesday,Evening,169
835,image,salad,Subway,2025-02-04,18:00,95,16,17,20,6,2,0,Tuesday,Evening,156
836,video,burger,Subway,2025-02-04,19:00,110,19,11,24,4,3,0,Tuesday,Night,171
837,image,burger,McDonalds,2025-02-04,20:00,103,23,17,21,1,2,0,Tuesday,Night,167
838,image,salad,Dominos,2025-02-04,21:00,99,20,8,20,5,2,2,Tuesday,Night,156
839,video,salad,Dominos,2025-02-04,22:00,105,17,9,25,7,3,0,Tuesday,Night,166
840,image,pizza,Subway,2025-02-04,23:00,120,15,8,16,4,2,0,Tuesday,Night,165
841,image,burger,Dominos,2025-02-05,00:00,100,16,7,26,3,3,2,Wednesday,,157
842,video,burger,Dominos,2025-02-05,01:00,106,24,9,13,5,3,0,Wednesday,Morning,160
843,image,salad,Dominos,2025-02-05,02:00,93,21,14,21,7,3,2,Wednesday,Morning,161
844,image,sushi,Subway,2025-02-05,03:00,104,12,5,23,9,2,3,Wednesday,Morning,158
845,image,burger,McDonalds,2025-02-05,04:00,89,18,12,18,2,0,2,Wednesday,Morning,141
846,image,sushi,Chipotle,2025-02-05,05:00,99,22,5,23,6,4,1,Wednesday,Morning,160
847,video,salad,McDonalds,2025-02-05,06:00,111,16,7,25,2,1,1,Wednesday,Morning,163
848,video,salad,Chipotle,2025-02-05,07:00,103,19,13,21,3,2,0,Wednesday,Afternoon,161
849,image,pizza,Dominos,2025-02-05,08:00,111,32,6,26,5,3,1,Wednesday,Afternoon,184
850,video,burger,McDonalds,2025-02-05,09:00,126,18,9,16,3,5,0,Wednesday,Afternoon,177
851,image,sushi,Chipotle,2025-02-05,10:00,100,22,6,19,4,1,1,Wednesday,Afternoon,153
852,video,pizza,Subway,2025-02-05,11:00,88,14,15,27,5,2,1,Wednesday,Afternoon,152
853,image,burger,Subway,2025-02-05,12:00,93,24,7,22,4,2,1,Wednesday,Afternoon,153
854,image,pizza,McDonalds,2025-02-05,13:00,102,17,12,17,5,3,1,Wednesday,Evening,157
855,image,salad,McDonalds,2025-02-05,14:00,96,19,8,18,2,3,0,Wednesday,Evening,146
856,image,burger,Dominos,2025-02-05,15:00,83,19,10,15,4,1,2,Wednesday,Evening,134
857,image,pizza,McDonalds,2025-02-05,16:00,105,20,9,16,5,4,0,Wednesday,Evening,159
858,image,pizza,Dominos,2025-02-05,17:00,90,27,6,19,6,2,1,Wednesday,Evening,151
859,video,sushi,Dominos,2025-02-05,18:00,93,24,10,21,10,3,2,Wednesday,Evening,163
860,image,pizza,Subway,2025-02-05,19:00,115,10,9,17,5,1,2,Wednesday,Night,159
861,video,burger,Subway,2025-02-05,20:00,112,20,12,20,6,3,1,Wednesday,Night,174
862,image,burger,Chipotle,2025-02-05,21:00,95,22,15,26,7,1,2,Wednesday,Night,168
863,video,sushi,Subway,2025-02-05,22:00,83,31,10,14,4,1,0,Wednesday,Night,143
864,video,burger,Subway,2025-02-05,23:00,82,14,10,22,7,1,0,Wednesday,Night,136
865,video,salad,McDonalds,2025-02-06,00:00,91,22,10,16,6,4,0,Thursday,,149
866,image,burger,Subway,2025-02-06,01:00,93,19,11,23,2,2,0,Thursday,Morning,150
867,image,burger,Chipotle,2025-02-06,02:00,89,12,13,29,3,0,1,Thursday,Morning,147
868,video,pizza,McDonalds,2025-02-06,03:00,93,20,9,19,4,1,1,Thursday,Morning,147
869,image,pizza,Chipotle,2025-02-06,04:00,95,20,13,23,4,4,0,Thursday,Morning,159
870,video,burger,Subway,2025-02-06,05:00,92,22,9,26,5,1,0,Thursday,Morning,155
871,image,sushi,Chipotle,2025-02-06,06:00,92,26,15,17,7,1,0,Thursday,Morning,158
872,video,pizza,McDonalds,2025-02-06,07:00,105,20,11,8,3,3,0,Thursday,Afternoon,150
873,video,sushi,Dominos,2025-02-06,08:00,91,22,9,26,3,0,2,Thursday,Afternoon,153
874,image,burger,Chipotle,2025-02-06,09:00,88,24,4,22,6,1,1,Thursday,Afternoon,146
875,video,burger,Chipotle,2025-02-06,10:00,113,19,11,25,3,1,1,Thursday,Afternoon,173
876,image,salad,McDonalds,2025-02-06,11:00,83,14,10,26,9,2,1,Thursday,Afternoon,145
877,video,pizza,McDonalds,2025-02-06,12:00,94,21,9,28,7,2,0,Thursday,Afternoon,161
878,video,burger,Chipotle,2025-02-06,13:00,110,19,9,16,5,1,3,Thursday,Evening,163
879,image,salad,Subway,2025-02-06,14:00,102,26,8,20,6,2,3,Thursday,Evening,167
880,image,pizza,Chipotle,2025-02-06,15:00,88,13,14,21,6,1,1,Thursday,Evening,144
881,image,burger,McDonalds,2025-02-06,16:00,93,26,12,22,3,2,1,Thursday,Evening,159
882,video,burger,Dominos,2025-02-06,17:00,83,23,8,20,8,2,2,Thursday,Evening,146
883,image,pizza,Dominos,2025-02-06,18:00,94,22,8,31,10,4,1,Thursday,Evening,170
884,video,pizza,Subway,2025-02-06,19:00,79,24,14,19,6,1,1,Thursday,Night,144
885,video,pizza,Chipotle,2025-02-06,20:00,99,22,10,23,7,4,0,Thursday,Night,165
886,image,burger,Dominos,2025-02-06,21:00,102,21,10,27,2,3,1,Thursday,Night,166
887,image,burger,Chipotle,2025-02-06,22:00,94,19,14,19,5,3,4,Thursday,Night,158
888,video,salad,McDonalds,2025-02-06,23:00,114,23,9,14,8,1,1,Thursday,Night,170
889,video,sushi,Dominos,2025-02-07,00:00,90,13,12,25,6,3,3,Friday,,152
890,image,pizza,Subway,2025-02-07,01:00,107,20,10,17,2,2,3,Friday,Morning,161
891,image,burger,McDonalds,2025-02-07,02:00,99,25,10,19,3,2,1,Friday,Morning,159
892,image,burger,Subway,2025-02-07,03:00,96,20,9,21,10,1,2,Friday,Morning,159
893,image,pizza,McDonalds,2025-02-07,04:00,97,19,14,28,3,1,0,Friday,Morning,162
894,image,sushi,Dominos,2025-02-07,05:00,99,20,9,21,4,0,1,Friday,Morning,154
895,video,pizza,Subway,2025-02-07,06:00,87,16,12,28,9,3,0,Friday,Morning,155
896,video,sushi,Subway,2025-02-07,07:00,123,20,9,18,2,3,3,Friday,Afternoon,178
897,video,burger,McDonalds,2025-02-07,08:00,102,13,18,19,5,3,0,Friday,Afternoon,160
898,video,sushi,Subway,2025-02-07,09:00,100,30,10,22,1,1,2,Friday,Afternoon,166
899,image,salad,McDonalds,2025-02-07,10:00,91,15,8,15,5,1,1,Friday,Afternoon,136
900,image,burger,McDonalds,2025-02-07,11:00,96,17,8,24,9,1,0,Friday,Afternoon,155
901,image,salad,McDonalds,2025-02-07,12:00,88,17,12,7,2,6,2,Friday,Afternoon,134
902,video,pizza,McDonalds,2025-02-07,13:00,90,21,8,10,5,3,3,Friday,Evening,140
903,video,pizza,Dominos,2025-02-07,14:00,91,18,13,20,6,1,2,Friday,Evening,151
904,image,pizza,McDonalds,2025-02-07,15:00,111,16,11,17,7,4,1,Friday,Evening,167
905,image,sushi,Chipotle,2025-02-07,16:00,102,24,13,18,3,1,2,Friday,Evening,163
906,video,burger,Subway,2025-02-07,17:00,96,23,8,17,7,1,4,Friday,Evening,156
907,video,pizza,Chipotle,2025-02-07,18:00,96,19,10,19,7,2,0,Friday,Evening,153
908,image,pizza,Dominos,2025-02-07,19:00,102,18,9,18,6,0,2,Friday,Night,155
909,image,burger,Chipotle,2025-02-07,20:00,109,16,12,23,4,2,0,Friday,Night,166
910,video,pizza,Subway,2025-02-07,21:00,105,18,7,27,10,0,0,Friday,Night,167
911,image,salad,Chipotle,2025-02-07,22:00,91,14,7,19,6,1,2,Friday,Night,140
912,image,burger,Dominos,2025-02-07,23:00,92,20,9,30,8,3,1,Friday,Night,163
913,image,burger,McDonalds,2025-02-08,00:00,109,28,10,9,3,3,2,Saturday,,164
914,video,burger,Chipotle,2025-02-08,01:00,108,17,9,20,6,2,1,Saturday,Morning,163
915,video,salad,Dominos,2025-02-08,02:00,99,17,10,17,9,1,1,Saturday,Morning,154
916,video,burger,Dominos,2025-02-08,03:00,84,10,12,24,3,0,2,Saturday,Morning,135
917,video,salad,Subway,2025-02-08,04:00,117,24,17,23,7,2,1,Saturday,Morning,191
918,video,burger,Subway,2025-02-08,05:00,94,20,10,24,4,1,2,Saturday,Morning,155
919,video,sushi,Chipotle,2025-02-08,06:00,92,15,4,17,3,2,1,Saturday,Morning,134
920,video,pizza,McDonalds,2025-02-08,07:00,99,18,6,22,9,4,1,Saturday,Afternoon,159
921,image,sushi,Dominos,2025-02-08,08:00,108,20,10,21,4,1,2,Saturday,Afternoon,166
922,image,pizza,Chipotle,2025-02-08,09:00,100,19,6,28,4,4,1,Saturday,Afternoon,162
923,image,salad,Dominos,2025-02-08,10:00,108,22,8,24,3,0,1,Saturday,Afternoon,166
924,image,sushi,Dominos,2025-02-08,11:00,111,19,8,23,2,1,1,Saturday,Afternoon,165
925,image,burger,McDonalds,2025-02-08,12:00,95,24,7,18,3,0,2,Saturday,Afternoon,149
926,image,pizza,McDonalds,2025-02-08,13:00,103,20,9,25,6,1,1,Saturday,Evening,165
927,image,pizza,Chipotle,2025-02-08,14:00,100,21,8,19,12,1,3,Saturday,Evening,164
928,video,sushi,McDonalds,2025-02-08,15:00,78,10,10,24,7,5,2,Saturday,Evening,136
929,video,salad,McDonalds,2025-02-08,16:00,101,15,18,18,4,1,1,Saturday,Evening,158
930,image,sushi,Chipotle,2025-02-08,17:00,111,23,10,21,7,1,1,Saturday,Evening,174
931,image,salad,McDonalds,2025-02-08,18:00,92,15,8,16,5,0,0,Saturday,Evening,136
932,video,salad,Subway,2025-02-08,19:00,107,16,8,20,8,3,0,Saturday,Night,162
933,image,pizza,Dominos,2025-02-08,20:00,103,16,12,18,4,2,1,Saturday,Night,156
934,image,sushi,Dominos,2025-02-08,21:00,89,11,13,25,7,2,1,Saturday,Night,148
935,video,sushi,Dominos,2025-02-08,22:00,110,20,12,29,5,2,4,Saturday,Night,182
936,image,salad,Dominos,2025-02-08,23:00,108,21,10,22,2,3,1,Saturday,Night,167
937,video,sushi,Chipotle,2025-02-09,00:00,109,15,14,16,4,1,1,Sunday,,160
938,image,burger,Dominos,2025-02-09,01:00,105,21,8,18,6,1,3,Sunday,Morning,162
939,video,burger,Dominos,2025-02-09,02:00,118,24,7,11,6,1,1,Sunday,Morning,168
940,video,sushi,Dominos,2025-02-09,03:00,81,14,9,20,4,3,1,Sunday,Morning,132
941,video,sushi,Dominos,2025-02-09,04:00,111,23,9,25,3,4,2,Sunday,Morning,177
942,image,salad,Subway,2025-02-09,05:00,109,23,7,29,4,3,3,Sunday,Morning,178
943,video,burger,Dominos,2025-02-09,06:00,95,16,9,29,5,0,1,Sunday,Morning,155
944,image,burger,Subway,2025-02-09,07:00,119,16,5,22,7,3,0,Sunday,Afternoon,172
945,image,pizza,Chipotle,2025-02-09,08:00,103,23,11,24,10,3,2,Sunday,Afternoon,176
946,image,salad,McDonalds,2025-02-09,09:00,94,28,9,13,7,0,1,Sunday,Afternoon,152
947,image,pizza,Dominos,2025-02-09,10:00,107,17,10,17,5,3,1,Sunday,Afternoon,160
948,video,burger,McDonalds,2025-02-09,11:00,106,19,6,21,3,4,0,Sunday,Afternoon,159
949,video,salad,McDonalds,2025-02-09,12:00,95,20,6,16,4,1,1,Sunday,Afternoon,143
950,image,sushi,Chipotle,2025-02-09,13:00,98,19,11,14,4,3,1,Sunday,Evening,150
951,image,salad,McDonalds,2025-02-09,14:00,95,15,7,25,8,2,0,Sunday,Evening,152
952,video,sushi,Subway,2025-02-09,15:00,119,18,7,20,8,1,1,Sunday,Evening,174
953,image,sushi,McDonalds,2025-02-09,16:00,96,24,7,16,4,5,0,Sunday,Evening,152
954,video,salad,McDonalds,2025-02-09,17:00,80,15,10,21,4,1,1,Sunday,Evening,132
955,image,sushi,McDonalds,2025-02-09,18:00,89,13,13,24,8,0,1,Sunday,Evening,148
956,image,pizza,Dominos,2025-02-09,19:00,98,24,9,14,4,2,2,Sunday,Night,153
957,video,burger,Dominos,2025-02-09,20:00,92,21,7,22,6,1,0,Sunday,Night,149
958,image,sushi,Subway,2025-02-09,21:00,105,21,10,25,6,4,1,Sunday,Night,172
959,video,pizza,Subway,2025-02-09,22:00,108,18,17,19,1,1,0,Sunday,Night,164
960,image,sushi,Dominos,2025-02-09,23:00,116,22,20,19,5,1,0,Sunday,Night,183
961,image,burger,Subway,2025-02-10,00:00,108,28,13,11,3,2,1,Monday,,166
962,image,pizza,Dominos,2025-02-10,01:00,105,21,8,19,9,1,0,Monday,Morning,163
963,video,burger,Chipotle,2025-02-10,02:00,97,24,11,17,4,3,2,Monday,Morning,158
964,image,burger,McDonalds,2025-02-10,03:00,94,15,10,24,8,5,3,Monday,Morning,159
965,image,pizza,McDonalds,2025-02-10,04:00,93,23,5,13,8,1,2,Monday,Morning,145
966,image,pizza,Subway,2025-02-10,05:00,90,19,15,15,2,2,1,Monday,Morning,144
967,image,pizza,Dominos,2025-02-10,06:00,98,18,6,20,6,3,2,Monday,Morning,153
968,video,salad,Dominos,2025-02-10,07:00,86,19,9,19,9,3,0,Monday,Afternoon,145
969,video,pizza,Subway,2025-02-10,08:00,101,22,6,15,4,3,0,Monday,Afternoon,151
970,image,pizza,Dominos,2025-02-10,09:00,100,25,6,15,4,2,2,Monday,Afternoon,154
971,video,pizza,Chipotle,2025-02-10,10:00,103,14,13,20,6,0,0,Monday,Afternoon,156
972,image,pizza,McDonalds,2025-02-10,11:00,89,25,9,18,13,2,1,Monday,Afternoon,157
973,image,sushi,Subway,2025-02-10,12:00,101,17,2,21,6,3,0,Monday,Afternoon,150
974,image,salad,Subway,2025-02-10,13:00,95,18,7,18,8,2,0,Monday,Evening,148
975,video,burger,Dominos,2025-02-10,14:00,110,11,14,27,8,0,0,Monday,Evening,170
976,video,pizza,Subway,2025-02-10,15:00,105,21,11,17,1,3,3,Monday,Evening,161
977,video,sushi,Chipotle,2025-02-10,16:00,97,16,11,21,8,4,2,Monday,Evening,159
978,video,sushi,Dominos,2025-02-10,17:00,110,25,11,22,4,1,0,Monday,Evening,173
979,video,sushi,Dominos,2025-02-10,18:00,102,25,6,28,4,4,2,Monday,Evening,171
980,video,burger,Dominos,2025-02-10,19:00,91,24,14,14,2,0,0,Monday,Night,145
981,video,pizza,Dominos,2025-02-10,20:00,103,16,11,21,6,3,3,Monday,Night,163
982,video,salad,Chipotle,2025-02-10,21:00,101,26,9,14,6,3,1,Monday,Night,160
983,video,salad,Dominos,2025-02-10,22:00,89,32,8,17,3,3,3,Monday,Night,155
984,image,sushi,Subway,2025-02-10,23:00,94,14,12,17,5,3,3,Monday,Night,148
985,video,burger,Chipotle,2025-02-11,00:00,98,30,16,32,8,2,2,Tuesday,,188
986,video,burger,McDonalds,2025-02-11,01:00,78,18,10,26,9,1,1,Tuesday,Morning,143
987,video,burger,McDonalds,2025-02-11,02:00,106,23,15,30,3,3,2,Tuesday,Morning,182
988,video,salad,Subway,2025-02-11,03:00,91,24,16,19,2,1,1,Tuesday,Morning,154
989,video,sushi,Subway,2025-02-11,04:00,92,20,9,21,7,3,3,Tuesday,Morning,155
990,video,pizza,Chipotle,2025-02-11,05:00,96,18,15,21,6,3,0,Tuesday,Morning,159
991,video,salad,McDonalds,2025-02-11,06:00,110,18,10,9,6,3,0,Tuesday,Morning,156
992,video,sushi,McDonalds,2025-02-11,07:00,96,20,7,19,6,2,1,Tuesday,Afternoon,151
993,video,sushi,McDonalds,2025-02-11,08:00,110,18,11,22,4,3,0,Tuesday,Afternoon,168
994,video,pizza,McDonalds,2025-02-11,09:00,91,22,10,19,6,1,1,Tuesday,Afternoon,150
995,video,pizza,McDonalds,2025-02-11,10:00,99,17,14,21,10,2,1,Tuesday,Afternoon,164
996,image,pizza,Dominos,2025-02-11,11:00,111,23,9,30,4,1,3,Tuesday,Afternoon,181
997,image,burger,Subway,2025-02-11,12:00,96,22,11,23,3,4,3,Tuesday,Afternoon,162
998,video,pizza,Dominos,2025-02-11,13:00,111,22,15,13,0,3,2,Tuesday,Evening,166
999,video,sushi,McDonalds,2025-02-11,14:00,99,21,12,29,8,4,4,Tuesday,Evening,177
1000,image,pizza,Chipotle,2025-02-11,15:00,119,12,16,21,3,4,1,Tuesday,Evening,176
